Nrep,rest,interval_duration
2,15,15
3,15,15
4,15,15
5,15,15
6,15,15
7,15,15
8,15,15
9,15,15
10,15,15
11,15,15
12,15,15
13,15,15
14,15,15
15,15,15
16,15,15
17,15,15
18,15,15
19,15,15
20,15,15
2,30,15
3,30,15
4,30,15
5,30,15
6,30,15
7,30,15
8,30,15
9,30,15
10,30,15
11,30,15
12,30,15
13,30,15
14,30,15
15,30,15
16,30,15
17,30,15
18,30,15
19,30,15
20,30,15
2,45,15
3,45,15
4,45,15
5,45,15
6,45,15
7,45,15
8,45,15
9,45,15
10,45,15
11,45,15
12,45,15
13,45,15
14,45,15
15,45,15
16,45,15
17,45,15
18,45,15
19,45,15
20,45,15
2,60,15
3,60,15
4,60,15
5,60,15
6,60,15
7,60,15
8,60,15
9,60,15
10,60,15
11,60,15
12,60,15
13,60,15
14,60,15
15,60,15
16,60,15
17,60,15
18,60,15
19,60,15
20,60,15
2,75,15
3,75,15
4,75,15
5,75,15
6,75,15
7,75,15
8,75,15
9,75,15
10,75,15
11,75,15
12,75,15
13,75,15
14,75,15
15,75,15
16,75,15
17,75,15
18,75,15
19,75,15
20,75,15
2,90,15
3,90,15
4,90,15
5,90,15
6,90,15
7,90,15
8,90,15
9,90,15
10,90,15
11,90,15
12,90,15
13,90,15
14,90,15
15,90,15
16,90,15
17,90,15
18,90,15
19,90,15
20,90,15
2,105,15
3,105,15
4,105,15
5,105,15
6,105,15
7,105,15
8,105,15
9,105,15
10,105,15
11,105,15
12,105,15
13,105,15
14,105,15
15,105,15
16,105,15
17,105,15
18,105,15
19,105,15
20,105,15
2,120,15
3,120,15
4,120,15
5,120,15
6,120,15
7,120,15
8,120,15
9,120,15
10,120,15
11,120,15
12,120,15
13,120,15
14,120,15
15,120,15
16,120,15
17,120,15
18,120,15
19,120,15
20,120,15
2,135,15
3,135,15
4,135,15
5,135,15
6,135,15
7,135,15
8,135,15
9,135,15
10,135,15
11,135,15
12,135,15
13,135,15
14,135,15
15,135,15
16,135,15
17,135,15
18,135,15
19,135,15
20,135,15
2,150,15
3,150,15
4,150,15
5,150,15
6,150,15
7,150,15
8,150,15
9,150,15
10,150,15
11,150,15
12,150,15
13,150,15
14,150,15
15,150,15
16,150,15
17,150,15
18,150,15
19,150,15
20,150,15
2,165,15
3,165,15
4,165,15
5,165,15
6,165,15
7,165,15
8,165,15
9,165,15
10,165,15
11,165,15
12,165,15
13,165,15
14,165,15
15,165,15
16,165,15
17,165,15
18,165,15
19,165,15
20,165,15
2,180,15
3,180,15
4,180,15
5,180,15
6,180,15
7,180,15
8,180,15
9,180,15
10,180,15
11,180,15
12,180,15
13,180,15
14,180,15
15,180,15
16,180,15
17,180,15
18,180,15
19,180,15
20,180,15
2,195,15
3,195,15
4,195,15
5,195,15
6,195,15
7,195,15
8,195,15
9,195,15
10,195,15
11,195,15
12,195,15
13,195,15
14,195,15
15,195,15
16,195,15
17,195,15
18,195,15
19,195,15
20,195,15
2,210,15
3,210,15
4,210,15
5,210,15
6,210,15
7,210,15
8,210,15
9,210,15
10,210,15
11,210,15
12,210,15
13,210,15
14,210,15
15,210,15
16,210,15
17,210,15
18,210,15
19,210,15
20,210,15
2,225,15
3,225,15
4,225,15
5,225,15
6,225,15
7,225,15
8,225,15
9,225,15
10,225,15
11,225,15
12,225,15
13,225,15
14,225,15
15,225,15
16,225,15
17,225,15
18,225,15
19,225,15
20,225,15
2,240,15
3,240,15
4,240,15
5,240,15
6,240,15
7,240,15
8,240,15
9,240,15
10,240,15
11,240,15
12,240,15
13,240,15
14,240,15
15,240,15
16,240,15
17,240,15
18,240,15
19,240,15
20,240,15
2,255,15
3,255,15
4,255,15
5,255,15
6,255,15
7,255,15
8,255,15
9,255,15
10,255,15
11,255,15
12,255,15
13,255,15
14,255,15
15,255,15
16,255,15
17,255,15
18,255,15
19,255,15
20,255,15
2,270,15
3,270,15
4,270,15
5,270,15
6,270,15
7,270,15
8,270,15
9,270,15
10,270,15
11,270,15
12,270,15
13,270,15
14,270,15
15,270,15
16,270,15
17,270,15
18,270,15
19,270,15
20,270,15
2,285,15
3,285,15
4,285,15
5,285,15
6,285,15
7,285,15
8,285,15
9,285,15
10,285,15
11,285,15
12,285,15
13,285,15
14,285,15
15,285,15
16,285,15
17,285,15
18,285,15
19,285,15
20,285,15
2,300,15
3,300,15
4,300,15
5,300,15
6,300,15
7,300,15
8,300,15
9,300,15
10,300,15
11,300,15
12,300,15
13,300,15
14,300,15
15,300,15
16,300,15
17,300,15
18,300,15
19,300,15
20,300,15
2,15,30
3,15,30
4,15,30
5,15,30
6,15,30
7,15,30
8,15,30
9,15,30
10,15,30
11,15,30
12,15,30
13,15,30
14,15,30
15,15,30
16,15,30
17,15,30
18,15,30
19,15,30
20,15,30
2,30,30
3,30,30
4,30,30
5,30,30
6,30,30
7,30,30
8,30,30
9,30,30
10,30,30
11,30,30
12,30,30
13,30,30
14,30,30
15,30,30
16,30,30
17,30,30
18,30,30
19,30,30
20,30,30
2,45,30
3,45,30
4,45,30
5,45,30
6,45,30
7,45,30
8,45,30
9,45,30
10,45,30
11,45,30
12,45,30
13,45,30
14,45,30
15,45,30
16,45,30
17,45,30
18,45,30
19,45,30
20,45,30
2,60,30
3,60,30
4,60,30
5,60,30
6,60,30
7,60,30
8,60,30
9,60,30
10,60,30
11,60,30
12,60,30
13,60,30
14,60,30
15,60,30
16,60,30
17,60,30
18,60,30
19,60,30
20,60,30
2,75,30
3,75,30
4,75,30
5,75,30
6,75,30
7,75,30
8,75,30
9,75,30
10,75,30
11,75,30
12,75,30
13,75,30
14,75,30
15,75,30
16,75,30
17,75,30
18,75,30
19,75,30
20,75,30
2,90,30
3,90,30
4,90,30
5,90,30
6,90,30
7,90,30
8,90,30
9,90,30
10,90,30
11,90,30
12,90,30
13,90,30
14,90,30
15,90,30
16,90,30
17,90,30
18,90,30
19,90,30
20,90,30
2,105,30
3,105,30
4,105,30
5,105,30
6,105,30
7,105,30
8,105,30
9,105,30
10,105,30
11,105,30
12,105,30
13,105,30
14,105,30
15,105,30
16,105,30
17,105,30
18,105,30
19,105,30
20,105,30
2,120,30
3,120,30
4,120,30
5,120,30
6,120,30
7,120,30
8,120,30
9,120,30
10,120,30
11,120,30
12,120,30
13,120,30
14,120,30
15,120,30
16,120,30
17,120,30
18,120,30
19,120,30
20,120,30
2,135,30
3,135,30
4,135,30
5,135,30
6,135,30
7,135,30
8,135,30
9,135,30
10,135,30
11,135,30
12,135,30
13,135,30
14,135,30
15,135,30
16,135,30
17,135,30
18,135,30
19,135,30
20,135,30
2,150,30
3,150,30
4,150,30
5,150,30
6,150,30
7,150,30
8,150,30
9,150,30
10,150,30
11,150,30
12,150,30
13,150,30
14,150,30
15,150,30
16,150,30
17,150,30
18,150,30
19,150,30
20,150,30
2,165,30
3,165,30
4,165,30
5,165,30
6,165,30
7,165,30
8,165,30
9,165,30
10,165,30
11,165,30
12,165,30
13,165,30
14,165,30
15,165,30
16,165,30
17,165,30
18,165,30
19,165,30
20,165,30
2,180,30
3,180,30
4,180,30
5,180,30
6,180,30
7,180,30
8,180,30
9,180,30
10,180,30
11,180,30
12,180,30
13,180,30
14,180,30
15,180,30
16,180,30
17,180,30
18,180,30
19,180,30
20,180,30
2,195,30
3,195,30
4,195,30
5,195,30
6,195,30
7,195,30
8,195,30
9,195,30
10,195,30
11,195,30
12,195,30
13,195,30
14,195,30
15,195,30
16,195,30
17,195,30
18,195,30
19,195,30
20,195,30
2,210,30
3,210,30
4,210,30
5,210,30
6,210,30
7,210,30
8,210,30
9,210,30
10,210,30
11,210,30
12,210,30
13,210,30
14,210,30
15,210,30
16,210,30
17,210,30
18,210,30
19,210,30
20,210,30
2,225,30
3,225,30
4,225,30
5,225,30
6,225,30
7,225,30
8,225,30
9,225,30
10,225,30
11,225,30
12,225,30
13,225,30
14,225,30
15,225,30
16,225,30
17,225,30
18,225,30
19,225,30
20,225,30
2,240,30
3,240,30
4,240,30
5,240,30
6,240,30
7,240,30
8,240,30
9,240,30
10,240,30
11,240,30
12,240,30
13,240,30
14,240,30
15,240,30
16,240,30
17,240,30
18,240,30
19,240,30
20,240,30
2,255,30
3,255,30
4,255,30
5,255,30
6,255,30
7,255,30
8,255,30
9,255,30
10,255,30
11,255,30
12,255,30
13,255,30
14,255,30
15,255,30
16,255,30
17,255,30
18,255,30
19,255,30
20,255,30
2,270,30
3,270,30
4,270,30
5,270,30
6,270,30
7,270,30
8,270,30
9,270,30
10,270,30
11,270,30
12,270,30
13,270,30
14,270,30
15,270,30
16,270,30
17,270,30
18,270,30
19,270,30
20,270,30
2,285,30
3,285,30
4,285,30
5,285,30
6,285,30
7,285,30
8,285,30
9,285,30
10,285,30
11,285,30
12,285,30
13,285,30
14,285,30
15,285,30
16,285,30
17,285,30
18,285,30
19,285,30
20,285,30
2,300,30
3,300,30
4,300,30
5,300,30
6,300,30
7,300,30
8,300,30
9,300,30
10,300,30
11,300,30
12,300,30
13,300,30
14,300,30
15,300,30
16,300,30
17,300,30
18,300,30
19,300,30
20,300,30
2,15,45
3,15,45
4,15,45
5,15,45
6,15,45
7,15,45
8,15,45
9,15,45
10,15,45
11,15,45
12,15,45
13,15,45
14,15,45
15,15,45
16,15,45
17,15,45
18,15,45
19,15,45
20,15,45
2,30,45
3,30,45
4,30,45
5,30,45
6,30,45
7,30,45
8,30,45
9,30,45
10,30,45
11,30,45
12,30,45
13,30,45
14,30,45
15,30,45
16,30,45
17,30,45
18,30,45
19,30,45
20,30,45
2,45,45
3,45,45
4,45,45
5,45,45
6,45,45
7,45,45
8,45,45
9,45,45
10,45,45
11,45,45
12,45,45
13,45,45
14,45,45
15,45,45
16,45,45
17,45,45
18,45,45
19,45,45
20,45,45
2,60,45
3,60,45
4,60,45
5,60,45
6,60,45
7,60,45
8,60,45
9,60,45
10,60,45
11,60,45
12,60,45
13,60,45
14,60,45
15,60,45
16,60,45
17,60,45
18,60,45
19,60,45
20,60,45
2,75,45
3,75,45
4,75,45
5,75,45
6,75,45
7,75,45
8,75,45
9,75,45
10,75,45
11,75,45
12,75,45
13,75,45
14,75,45
15,75,45
16,75,45
17,75,45
18,75,45
19,75,45
20,75,45
2,90,45
3,90,45
4,90,45
5,90,45
6,90,45
7,90,45
8,90,45
9,90,45
10,90,45
11,90,45
12,90,45
13,90,45
14,90,45
15,90,45
16,90,45
17,90,45
18,90,45
19,90,45
20,90,45
2,105,45
3,105,45
4,105,45
5,105,45
6,105,45
7,105,45
8,105,45
9,105,45
10,105,45
11,105,45
12,105,45
13,105,45
14,105,45
15,105,45
16,105,45
17,105,45
18,105,45
19,105,45
20,105,45
2,120,45
3,120,45
4,120,45
5,120,45
6,120,45
7,120,45
8,120,45
9,120,45
10,120,45
11,120,45
12,120,45
13,120,45
14,120,45
15,120,45
16,120,45
17,120,45
18,120,45
19,120,45
20,120,45
2,135,45
3,135,45
4,135,45
5,135,45
6,135,45
7,135,45
8,135,45
9,135,45
10,135,45
11,135,45
12,135,45
13,135,45
14,135,45
15,135,45
16,135,45
17,135,45
18,135,45
19,135,45
20,135,45
2,150,45
3,150,45
4,150,45
5,150,45
6,150,45
7,150,45
8,150,45
9,150,45
10,150,45
11,150,45
12,150,45
13,150,45
14,150,45
15,150,45
16,150,45
17,150,45
18,150,45
19,150,45
20,150,45
2,165,45
3,165,45
4,165,45
5,165,45
6,165,45
7,165,45
8,165,45
9,165,45
10,165,45
11,165,45
12,165,45
13,165,45
14,165,45
15,165,45
16,165,45
17,165,45
18,165,45
19,165,45
20,165,45
2,180,45
3,180,45
4,180,45
5,180,45
6,180,45
7,180,45
8,180,45
9,180,45
10,180,45
11,180,45
12,180,45
13,180,45
14,180,45
15,180,45
16,180,45
17,180,45
18,180,45
19,180,45
20,180,45
2,195,45
3,195,45
4,195,45
5,195,45
6,195,45
7,195,45
8,195,45
9,195,45
10,195,45
11,195,45
12,195,45
13,195,45
14,195,45
15,195,45
16,195,45
17,195,45
18,195,45
19,195,45
20,195,45
2,210,45
3,210,45
4,210,45
5,210,45
6,210,45
7,210,45
8,210,45
9,210,45
10,210,45
11,210,45
12,210,45
13,210,45
14,210,45
15,210,45
16,210,45
17,210,45
18,210,45
19,210,45
20,210,45
2,225,45
3,225,45
4,225,45
5,225,45
6,225,45
7,225,45
8,225,45
9,225,45
10,225,45
11,225,45
12,225,45
13,225,45
14,225,45
15,225,45
16,225,45
17,225,45
18,225,45
19,225,45
20,225,45
2,240,45
3,240,45
4,240,45
5,240,45
6,240,45
7,240,45
8,240,45
9,240,45
10,240,45
11,240,45
12,240,45
13,240,45
14,240,45
15,240,45
16,240,45
17,240,45
18,240,45
19,240,45
20,240,45
2,255,45
3,255,45
4,255,45
5,255,45
6,255,45
7,255,45
8,255,45
9,255,45
10,255,45
11,255,45
12,255,45
13,255,45
14,255,45
15,255,45
16,255,45
17,255,45
18,255,45
19,255,45
20,255,45
2,270,45
3,270,45
4,270,45
5,270,45
6,270,45
7,270,45
8,270,45
9,270,45
10,270,45
11,270,45
12,270,45
13,270,45
14,270,45
15,270,45
16,270,45
17,270,45
18,270,45
19,270,45
20,270,45
2,285,45
3,285,45
4,285,45
5,285,45
6,285,45
7,285,45
8,285,45
9,285,45
10,285,45
11,285,45
12,285,45
13,285,45
14,285,45
15,285,45
16,285,45
17,285,45
18,285,45
19,285,45
20,285,45
2,300,45
3,300,45
4,300,45
5,300,45
6,300,45
7,300,45
8,300,45
9,300,45
10,300,45
11,300,45
12,300,45
13,300,45
14,300,45
15,300,45
16,300,45
17,300,45
18,300,45
19,300,45
20,300,45
2,15,60
3,15,60
4,15,60
5,15,60
6,15,60
7,15,60
8,15,60
9,15,60
10,15,60
11,15,60
12,15,60
13,15,60
14,15,60
15,15,60
16,15,60
17,15,60
18,15,60
19,15,60
20,15,60
2,30,60
3,30,60
4,30,60
5,30,60
6,30,60
7,30,60
8,30,60
9,30,60
10,30,60
11,30,60
12,30,60
13,30,60
14,30,60
15,30,60
16,30,60
17,30,60
18,30,60
19,30,60
20,30,60
2,45,60
3,45,60
4,45,60
5,45,60
6,45,60
7,45,60
8,45,60
9,45,60
10,45,60
11,45,60
12,45,60
13,45,60
14,45,60
15,45,60
16,45,60
17,45,60
18,45,60
19,45,60
20,45,60
2,60,60
3,60,60
4,60,60
5,60,60
6,60,60
7,60,60
8,60,60
9,60,60
10,60,60
11,60,60
12,60,60
13,60,60
14,60,60
15,60,60
16,60,60
17,60,60
18,60,60
19,60,60
20,60,60
2,75,60
3,75,60
4,75,60
5,75,60
6,75,60
7,75,60
8,75,60
9,75,60
10,75,60
11,75,60
12,75,60
13,75,60
14,75,60
15,75,60
16,75,60
17,75,60
18,75,60
19,75,60
20,75,60
2,90,60
3,90,60
4,90,60
5,90,60
6,90,60
7,90,60
8,90,60
9,90,60
10,90,60
11,90,60
12,90,60
13,90,60
14,90,60
15,90,60
16,90,60
17,90,60
18,90,60
19,90,60
20,90,60
2,105,60
3,105,60
4,105,60
5,105,60
6,105,60
7,105,60
8,105,60
9,105,60
10,105,60
11,105,60
12,105,60
13,105,60
14,105,60
15,105,60
16,105,60
17,105,60
18,105,60
19,105,60
20,105,60
2,120,60
3,120,60
4,120,60
5,120,60
6,120,60
7,120,60
8,120,60
9,120,60
10,120,60
11,120,60
12,120,60
13,120,60
14,120,60
15,120,60
16,120,60
17,120,60
18,120,60
19,120,60
20,120,60
2,135,60
3,135,60
4,135,60
5,135,60
6,135,60
7,135,60
8,135,60
9,135,60
10,135,60
11,135,60
12,135,60
13,135,60
14,135,60
15,135,60
16,135,60
17,135,60
18,135,60
19,135,60
20,135,60
2,150,60
3,150,60
4,150,60
5,150,60
6,150,60
7,150,60
8,150,60
9,150,60
10,150,60
11,150,60
12,150,60
13,150,60
14,150,60
15,150,60
16,150,60
17,150,60
18,150,60
19,150,60
20,150,60
2,165,60
3,165,60
4,165,60
5,165,60
6,165,60
7,165,60
8,165,60
9,165,60
10,165,60
11,165,60
12,165,60
13,165,60
14,165,60
15,165,60
16,165,60
17,165,60
18,165,60
19,165,60
20,165,60
2,180,60
3,180,60
4,180,60
5,180,60
6,180,60
7,180,60
8,180,60
9,180,60
10,180,60
11,180,60
12,180,60
13,180,60
14,180,60
15,180,60
16,180,60
17,180,60
18,180,60
19,180,60
20,180,60
2,195,60
3,195,60
4,195,60
5,195,60
6,195,60
7,195,60
8,195,60
9,195,60
10,195,60
11,195,60
12,195,60
13,195,60
14,195,60
15,195,60
16,195,60
17,195,60
18,195,60
19,195,60
20,195,60
2,210,60
3,210,60
4,210,60
5,210,60
6,210,60
7,210,60
8,210,60
9,210,60
10,210,60
11,210,60
12,210,60
13,210,60
14,210,60
15,210,60
16,210,60
17,210,60
18,210,60
19,210,60
20,210,60
2,225,60
3,225,60
4,225,60
5,225,60
6,225,60
7,225,60
8,225,60
9,225,60
10,225,60
11,225,60
12,225,60
13,225,60
14,225,60
15,225,60
16,225,60
17,225,60
18,225,60
19,225,60
20,225,60
2,240,60
3,240,60
4,240,60
5,240,60
6,240,60
7,240,60
8,240,60
9,240,60
10,240,60
11,240,60
12,240,60
13,240,60
14,240,60
15,240,60
16,240,60
17,240,60
18,240,60
19,240,60
20,240,60
2,255,60
3,255,60
4,255,60
5,255,60
6,255,60
7,255,60
8,255,60
9,255,60
10,255,60
11,255,60
12,255,60
13,255,60
14,255,60
15,255,60
16,255,60
17,255,60
18,255,60
19,255,60
20,255,60
2,270,60
3,270,60
4,270,60
5,270,60
6,270,60
7,270,60
8,270,60
9,270,60
10,270,60
11,270,60
12,270,60
13,270,60
14,270,60
15,270,60
16,270,60
17,270,60
18,270,60
19,270,60
20,270,60
2,285,60
3,285,60
4,285,60
5,285,60
6,285,60
7,285,60
8,285,60
9,285,60
10,285,60
11,285,60
12,285,60
13,285,60
14,285,60
15,285,60
16,285,60
17,285,60
18,285,60
19,285,60
20,285,60
2,300,60
3,300,60
4,300,60
5,300,60
6,300,60
7,300,60
8,300,60
9,300,60
10,300,60
11,300,60
12,300,60
13,300,60
14,300,60
15,300,60
16,300,60
17,300,60
18,300,60
19,300,60
20,300,60
2,15,75
3,15,75
4,15,75
5,15,75
6,15,75
7,15,75
8,15,75
9,15,75
10,15,75
11,15,75
12,15,75
13,15,75
14,15,75
15,15,75
16,15,75
17,15,75
18,15,75
19,15,75
20,15,75
2,30,75
3,30,75
4,30,75
5,30,75
6,30,75
7,30,75
8,30,75
9,30,75
10,30,75
11,30,75
12,30,75
13,30,75
14,30,75
15,30,75
16,30,75
17,30,75
18,30,75
19,30,75
20,30,75
2,45,75
3,45,75
4,45,75
5,45,75
6,45,75
7,45,75
8,45,75
9,45,75
10,45,75
11,45,75
12,45,75
13,45,75
14,45,75
15,45,75
16,45,75
17,45,75
18,45,75
19,45,75
20,45,75
2,60,75
3,60,75
4,60,75
5,60,75
6,60,75
7,60,75
8,60,75
9,60,75
10,60,75
11,60,75
12,60,75
13,60,75
14,60,75
15,60,75
16,60,75
17,60,75
18,60,75
19,60,75
20,60,75
2,75,75
3,75,75
4,75,75
5,75,75
6,75,75
7,75,75
8,75,75
9,75,75
10,75,75
11,75,75
12,75,75
13,75,75
14,75,75
15,75,75
16,75,75
17,75,75
18,75,75
19,75,75
20,75,75
2,90,75
3,90,75
4,90,75
5,90,75
6,90,75
7,90,75
8,90,75
9,90,75
10,90,75
11,90,75
12,90,75
13,90,75
14,90,75
15,90,75
16,90,75
17,90,75
18,90,75
19,90,75
20,90,75
2,105,75
3,105,75
4,105,75
5,105,75
6,105,75
7,105,75
8,105,75
9,105,75
10,105,75
11,105,75
12,105,75
13,105,75
14,105,75
15,105,75
16,105,75
17,105,75
18,105,75
19,105,75
20,105,75
2,120,75
3,120,75
4,120,75
5,120,75
6,120,75
7,120,75
8,120,75
9,120,75
10,120,75
11,120,75
12,120,75
13,120,75
14,120,75
15,120,75
16,120,75
17,120,75
18,120,75
19,120,75
20,120,75
2,135,75
3,135,75
4,135,75
5,135,75
6,135,75
7,135,75
8,135,75
9,135,75
10,135,75
11,135,75
12,135,75
13,135,75
14,135,75
15,135,75
16,135,75
17,135,75
18,135,75
19,135,75
20,135,75
2,150,75
3,150,75
4,150,75
5,150,75
6,150,75
7,150,75
8,150,75
9,150,75
10,150,75
11,150,75
12,150,75
13,150,75
14,150,75
15,150,75
16,150,75
17,150,75
18,150,75
19,150,75
20,150,75
2,165,75
3,165,75
4,165,75
5,165,75
6,165,75
7,165,75
8,165,75
9,165,75
10,165,75
11,165,75
12,165,75
13,165,75
14,165,75
15,165,75
16,165,75
17,165,75
18,165,75
19,165,75
20,165,75
2,180,75
3,180,75
4,180,75
5,180,75
6,180,75
7,180,75
8,180,75
9,180,75
10,180,75
11,180,75
12,180,75
13,180,75
14,180,75
15,180,75
16,180,75
17,180,75
18,180,75
19,180,75
20,180,75
2,195,75
3,195,75
4,195,75
5,195,75
6,195,75
7,195,75
8,195,75
9,195,75
10,195,75
11,195,75
12,195,75
13,195,75
14,195,75
15,195,75
16,195,75
17,195,75
18,195,75
19,195,75
20,195,75
2,210,75
3,210,75
4,210,75
5,210,75
6,210,75
7,210,75
8,210,75
9,210,75
10,210,75
11,210,75
12,210,75
13,210,75
14,210,75
15,210,75
16,210,75
17,210,75
18,210,75
19,210,75
20,210,75
2,225,75
3,225,75
4,225,75
5,225,75
6,225,75
7,225,75
8,225,75
9,225,75
10,225,75
11,225,75
12,225,75
13,225,75
14,225,75
15,225,75
16,225,75
17,225,75
18,225,75
19,225,75
20,225,75
2,240,75
3,240,75
4,240,75
5,240,75
6,240,75
7,240,75
8,240,75
9,240,75
10,240,75
11,240,75
12,240,75
13,240,75
14,240,75
15,240,75
16,240,75
17,240,75
18,240,75
19,240,75
20,240,75
2,255,75
3,255,75
4,255,75
5,255,75
6,255,75
7,255,75
8,255,75
9,255,75
10,255,75
11,255,75
12,255,75
13,255,75
14,255,75
15,255,75
16,255,75
17,255,75
18,255,75
19,255,75
20,255,75
2,270,75
3,270,75
4,270,75
5,270,75
6,270,75
7,270,75
8,270,75
9,270,75
10,270,75
11,270,75
12,270,75
13,270,75
14,270,75
15,270,75
16,270,75
17,270,75
18,270,75
19,270,75
20,270,75
2,285,75
3,285,75
4,285,75
5,285,75
6,285,75
7,285,75
8,285,75
9,285,75
10,285,75
11,285,75
12,285,75
13,285,75
14,285,75
15,285,75
16,285,75
17,285,75
18,285,75
19,285,75
20,285,75
2,300,75
3,300,75
4,300,75
5,300,75
6,300,75
7,300,75
8,300,75
9,300,75
10,300,75
11,300,75
12,300,75
13,300,75
14,300,75
15,300,75
16,300,75
17,300,75
18,300,75
19,300,75
20,300,75
2,15,90
3,15,90
4,15,90
5,15,90
6,15,90
7,15,90
8,15,90
9,15,90
10,15,90
11,15,90
12,15,90
13,15,90
14,15,90
15,15,90
16,15,90
17,15,90
18,15,90
19,15,90
20,15,90
2,30,90
3,30,90
4,30,90
5,30,90
6,30,90
7,30,90
8,30,90
9,30,90
10,30,90
11,30,90
12,30,90
13,30,90
14,30,90
15,30,90
16,30,90
17,30,90
18,30,90
19,30,90
20,30,90
2,45,90
3,45,90
4,45,90
5,45,90
6,45,90
7,45,90
8,45,90
9,45,90
10,45,90
11,45,90
12,45,90
13,45,90
14,45,90
15,45,90
16,45,90
17,45,90
18,45,90
19,45,90
20,45,90
2,60,90
3,60,90
4,60,90
5,60,90
6,60,90
7,60,90
8,60,90
9,60,90
10,60,90
11,60,90
12,60,90
13,60,90
14,60,90
15,60,90
16,60,90
17,60,90
18,60,90
19,60,90
20,60,90
2,75,90
3,75,90
4,75,90
5,75,90
6,75,90
7,75,90
8,75,90
9,75,90
10,75,90
11,75,90
12,75,90
13,75,90
14,75,90
15,75,90
16,75,90
17,75,90
18,75,90
19,75,90
20,75,90
2,90,90
3,90,90
4,90,90
5,90,90
6,90,90
7,90,90
8,90,90
9,90,90
10,90,90
11,90,90
12,90,90
13,90,90
14,90,90
15,90,90
16,90,90
17,90,90
18,90,90
19,90,90
20,90,90
2,105,90
3,105,90
4,105,90
5,105,90
6,105,90
7,105,90
8,105,90
9,105,90
10,105,90
11,105,90
12,105,90
13,105,90
14,105,90
15,105,90
16,105,90
17,105,90
18,105,90
19,105,90
20,105,90
2,120,90
3,120,90
4,120,90
5,120,90
6,120,90
7,120,90
8,120,90
9,120,90
10,120,90
11,120,90
12,120,90
13,120,90
14,120,90
15,120,90
16,120,90
17,120,90
18,120,90
19,120,90
20,120,90
2,135,90
3,135,90
4,135,90
5,135,90
6,135,90
7,135,90
8,135,90
9,135,90
10,135,90
11,135,90
12,135,90
13,135,90
14,135,90
15,135,90
16,135,90
17,135,90
18,135,90
19,135,90
20,135,90
2,150,90
3,150,90
4,150,90
5,150,90
6,150,90
7,150,90
8,150,90
9,150,90
10,150,90
11,150,90
12,150,90
13,150,90
14,150,90
15,150,90
16,150,90
17,150,90
18,150,90
19,150,90
20,150,90
2,165,90
3,165,90
4,165,90
5,165,90
6,165,90
7,165,90
8,165,90
9,165,90
10,165,90
11,165,90
12,165,90
13,165,90
14,165,90
15,165,90
16,165,90
17,165,90
18,165,90
19,165,90
20,165,90
2,180,90
3,180,90
4,180,90
5,180,90
6,180,90
7,180,90
8,180,90
9,180,90
10,180,90
11,180,90
12,180,90
13,180,90
14,180,90
15,180,90
16,180,90
17,180,90
18,180,90
19,180,90
20,180,90
2,195,90
3,195,90
4,195,90
5,195,90
6,195,90
7,195,90
8,195,90
9,195,90
10,195,90
11,195,90
12,195,90
13,195,90
14,195,90
15,195,90
16,195,90
17,195,90
18,195,90
19,195,90
20,195,90
2,210,90
3,210,90
4,210,90
5,210,90
6,210,90
7,210,90
8,210,90
9,210,90
10,210,90
11,210,90
12,210,90
13,210,90
14,210,90
15,210,90
16,210,90
17,210,90
18,210,90
19,210,90
20,210,90
2,225,90
3,225,90
4,225,90
5,225,90
6,225,90
7,225,90
8,225,90
9,225,90
10,225,90
11,225,90
12,225,90
13,225,90
14,225,90
15,225,90
16,225,90
17,225,90
18,225,90
19,225,90
20,225,90
2,240,90
3,240,90
4,240,90
5,240,90
6,240,90
7,240,90
8,240,90
9,240,90
10,240,90
11,240,90
12,240,90
13,240,90
14,240,90
15,240,90
16,240,90
17,240,90
18,240,90
19,240,90
20,240,90
2,255,90
3,255,90
4,255,90
5,255,90
6,255,90
7,255,90
8,255,90
9,255,90
10,255,90
11,255,90
12,255,90
13,255,90
14,255,90
15,255,90
16,255,90
17,255,90
18,255,90
19,255,90
20,255,90
2,270,90
3,270,90
4,270,90
5,270,90
6,270,90
7,270,90
8,270,90
9,270,90
10,270,90
11,270,90
12,270,90
13,270,90
14,270,90
15,270,90
16,270,90
17,270,90
18,270,90
19,270,90
20,270,90
2,285,90
3,285,90
4,285,90
5,285,90
6,285,90
7,285,90
8,285,90
9,285,90
10,285,90
11,285,90
12,285,90
13,285,90
14,285,90
15,285,90
16,285,90
17,285,90
18,285,90
19,285,90
20,285,90
2,300,90
3,300,90
4,300,90
5,300,90
6,300,90
7,300,90
8,300,90
9,300,90
10,300,90
11,300,90
12,300,90
13,300,90
14,300,90
15,300,90
16,300,90
17,300,90
18,300,90
19,300,90
20,300,90
2,15,105
3,15,105
4,15,105
5,15,105
6,15,105
7,15,105
8,15,105
9,15,105
10,15,105
11,15,105
12,15,105
13,15,105
14,15,105
15,15,105
16,15,105
17,15,105
18,15,105
19,15,105
20,15,105
2,30,105
3,30,105
4,30,105
5,30,105
6,30,105
7,30,105
8,30,105
9,30,105
10,30,105
11,30,105
12,30,105
13,30,105
14,30,105
15,30,105
16,30,105
17,30,105
18,30,105
19,30,105
20,30,105
2,45,105
3,45,105
4,45,105
5,45,105
6,45,105
7,45,105
8,45,105
9,45,105
10,45,105
11,45,105
12,45,105
13,45,105
14,45,105
15,45,105
16,45,105
17,45,105
18,45,105
19,45,105
20,45,105
2,60,105
3,60,105
4,60,105
5,60,105
6,60,105
7,60,105
8,60,105
9,60,105
10,60,105
11,60,105
12,60,105
13,60,105
14,60,105
15,60,105
16,60,105
17,60,105
18,60,105
19,60,105
20,60,105
2,75,105
3,75,105
4,75,105
5,75,105
6,75,105
7,75,105
8,75,105
9,75,105
10,75,105
11,75,105
12,75,105
13,75,105
14,75,105
15,75,105
16,75,105
17,75,105
18,75,105
19,75,105
20,75,105
2,90,105
3,90,105
4,90,105
5,90,105
6,90,105
7,90,105
8,90,105
9,90,105
10,90,105
11,90,105
12,90,105
13,90,105
14,90,105
15,90,105
16,90,105
17,90,105
18,90,105
19,90,105
20,90,105
2,105,105
3,105,105
4,105,105
5,105,105
6,105,105
7,105,105
8,105,105
9,105,105
10,105,105
11,105,105
12,105,105
13,105,105
14,105,105
15,105,105
16,105,105
17,105,105
18,105,105
19,105,105
20,105,105
2,120,105
3,120,105
4,120,105
5,120,105
6,120,105
7,120,105
8,120,105
9,120,105
10,120,105
11,120,105
12,120,105
13,120,105
14,120,105
15,120,105
16,120,105
17,120,105
18,120,105
19,120,105
20,120,105
2,135,105
3,135,105
4,135,105
5,135,105
6,135,105
7,135,105
8,135,105
9,135,105
10,135,105
11,135,105
12,135,105
13,135,105
14,135,105
15,135,105
16,135,105
17,135,105
18,135,105
19,135,105
20,135,105
2,150,105
3,150,105
4,150,105
5,150,105
6,150,105
7,150,105
8,150,105
9,150,105
10,150,105
11,150,105
12,150,105
13,150,105
14,150,105
15,150,105
16,150,105
17,150,105
18,150,105
19,150,105
20,150,105
2,165,105
3,165,105
4,165,105
5,165,105
6,165,105
7,165,105
8,165,105
9,165,105
10,165,105
11,165,105
12,165,105
13,165,105
14,165,105
15,165,105
16,165,105
17,165,105
18,165,105
19,165,105
20,165,105
2,180,105
3,180,105
4,180,105
5,180,105
6,180,105
7,180,105
8,180,105
9,180,105
10,180,105
11,180,105
12,180,105
13,180,105
14,180,105
15,180,105
16,180,105
17,180,105
18,180,105
19,180,105
20,180,105
2,195,105
3,195,105
4,195,105
5,195,105
6,195,105
7,195,105
8,195,105
9,195,105
10,195,105
11,195,105
12,195,105
13,195,105
14,195,105
15,195,105
16,195,105
17,195,105
18,195,105
19,195,105
20,195,105
2,210,105
3,210,105
4,210,105
5,210,105
6,210,105
7,210,105
8,210,105
9,210,105
10,210,105
11,210,105
12,210,105
13,210,105
14,210,105
15,210,105
16,210,105
17,210,105
18,210,105
19,210,105
20,210,105
2,225,105
3,225,105
4,225,105
5,225,105
6,225,105
7,225,105
8,225,105
9,225,105
10,225,105
11,225,105
12,225,105
13,225,105
14,225,105
15,225,105
16,225,105
17,225,105
18,225,105
19,225,105
20,225,105
2,240,105
3,240,105
4,240,105
5,240,105
6,240,105
7,240,105
8,240,105
9,240,105
10,240,105
11,240,105
12,240,105
13,240,105
14,240,105
15,240,105
16,240,105
17,240,105
18,240,105
19,240,105
20,240,105
2,255,105
3,255,105
4,255,105
5,255,105
6,255,105
7,255,105
8,255,105
9,255,105
10,255,105
11,255,105
12,255,105
13,255,105
14,255,105
15,255,105
16,255,105
17,255,105
18,255,105
19,255,105
20,255,105
2,270,105
3,270,105
4,270,105
5,270,105
6,270,105
7,270,105
8,270,105
9,270,105
10,270,105
11,270,105
12,270,105
13,270,105
14,270,105
15,270,105
16,270,105
17,270,105
18,270,105
19,270,105
20,270,105
2,285,105
3,285,105
4,285,105
5,285,105
6,285,105
7,285,105
8,285,105
9,285,105
10,285,105
11,285,105
12,285,105
13,285,105
14,285,105
15,285,105
16,285,105
17,285,105
18,285,105
19,285,105
20,285,105
2,300,105
3,300,105
4,300,105
5,300,105
6,300,105
7,300,105
8,300,105
9,300,105
10,300,105
11,300,105
12,300,105
13,300,105
14,300,105
15,300,105
16,300,105
17,300,105
18,300,105
19,300,105
20,300,105
2,15,120
3,15,120
4,15,120
5,15,120
6,15,120
7,15,120
8,15,120
9,15,120
10,15,120
11,15,120
12,15,120
13,15,120
14,15,120
15,15,120
16,15,120
17,15,120
18,15,120
19,15,120
20,15,120
2,30,120
3,30,120
4,30,120
5,30,120
6,30,120
7,30,120
8,30,120
9,30,120
10,30,120
11,30,120
12,30,120
13,30,120
14,30,120
15,30,120
16,30,120
17,30,120
18,30,120
19,30,120
20,30,120
2,45,120
3,45,120
4,45,120
5,45,120
6,45,120
7,45,120
8,45,120
9,45,120
10,45,120
11,45,120
12,45,120
13,45,120
14,45,120
15,45,120
16,45,120
17,45,120
18,45,120
19,45,120
20,45,120
2,60,120
3,60,120
4,60,120
5,60,120
6,60,120
7,60,120
8,60,120
9,60,120
10,60,120
11,60,120
12,60,120
13,60,120
14,60,120
15,60,120
16,60,120
17,60,120
18,60,120
19,60,120
20,60,120
2,75,120
3,75,120
4,75,120
5,75,120
6,75,120
7,75,120
8,75,120
9,75,120
10,75,120
11,75,120
12,75,120
13,75,120
14,75,120
15,75,120
16,75,120
17,75,120
18,75,120
19,75,120
20,75,120
2,90,120
3,90,120
4,90,120
5,90,120
6,90,120
7,90,120
8,90,120
9,90,120
10,90,120
11,90,120
12,90,120
13,90,120
14,90,120
15,90,120
16,90,120
17,90,120
18,90,120
19,90,120
20,90,120
2,105,120
3,105,120
4,105,120
5,105,120
6,105,120
7,105,120
8,105,120
9,105,120
10,105,120
11,105,120
12,105,120
13,105,120
14,105,120
15,105,120
16,105,120
17,105,120
18,105,120
19,105,120
20,105,120
2,120,120
3,120,120
4,120,120
5,120,120
6,120,120
7,120,120
8,120,120
9,120,120
10,120,120
11,120,120
12,120,120
13,120,120
14,120,120
15,120,120
16,120,120
17,120,120
18,120,120
19,120,120
20,120,120
2,135,120
3,135,120
4,135,120
5,135,120
6,135,120
7,135,120
8,135,120
9,135,120
10,135,120
11,135,120
12,135,120
13,135,120
14,135,120
15,135,120
16,135,120
17,135,120
18,135,120
19,135,120
20,135,120
2,150,120
3,150,120
4,150,120
5,150,120
6,150,120
7,150,120
8,150,120
9,150,120
10,150,120
11,150,120
12,150,120
13,150,120
14,150,120
15,150,120
16,150,120
17,150,120
18,150,120
19,150,120
20,150,120
2,165,120
3,165,120
4,165,120
5,165,120
6,165,120
7,165,120
8,165,120
9,165,120
10,165,120
11,165,120
12,165,120
13,165,120
14,165,120
15,165,120
16,165,120
17,165,120
18,165,120
19,165,120
20,165,120
2,180,120
3,180,120
4,180,120
5,180,120
6,180,120
7,180,120
8,180,120
9,180,120
10,180,120
11,180,120
12,180,120
13,180,120
14,180,120
15,180,120
16,180,120
17,180,120
18,180,120
19,180,120
20,180,120
2,195,120
3,195,120
4,195,120
5,195,120
6,195,120
7,195,120
8,195,120
9,195,120
10,195,120
11,195,120
12,195,120
13,195,120
14,195,120
15,195,120
16,195,120
17,195,120
18,195,120
19,195,120
20,195,120
2,210,120
3,210,120
4,210,120
5,210,120
6,210,120
7,210,120
8,210,120
9,210,120
10,210,120
11,210,120
12,210,120
13,210,120
14,210,120
15,210,120
16,210,120
17,210,120
18,210,120
19,210,120
20,210,120
2,225,120
3,225,120
4,225,120
5,225,120
6,225,120
7,225,120
8,225,120
9,225,120
10,225,120
11,225,120
12,225,120
13,225,120
14,225,120
15,225,120
16,225,120
17,225,120
18,225,120
19,225,120
20,225,120
2,240,120
3,240,120
4,240,120
5,240,120
6,240,120
7,240,120
8,240,120
9,240,120
10,240,120
11,240,120
12,240,120
13,240,120
14,240,120
15,240,120
16,240,120
17,240,120
18,240,120
19,240,120
20,240,120
2,255,120
3,255,120
4,255,120
5,255,120
6,255,120
7,255,120
8,255,120
9,255,120
10,255,120
11,255,120
12,255,120
13,255,120
14,255,120
15,255,120
16,255,120
17,255,120
18,255,120
19,255,120
20,255,120
2,270,120
3,270,120
4,270,120
5,270,120
6,270,120
7,270,120
8,270,120
9,270,120
10,270,120
11,270,120
12,270,120
13,270,120
14,270,120
15,270,120
16,270,120
17,270,120
18,270,120
19,270,120
20,270,120
2,285,120
3,285,120
4,285,120
5,285,120
6,285,120
7,285,120
8,285,120
9,285,120
10,285,120
11,285,120
12,285,120
13,285,120
14,285,120
15,285,120
16,285,120
17,285,120
18,285,120
19,285,120
20,285,120
2,300,120
3,300,120
4,300,120
5,300,120
6,300,120
7,300,120
8,300,120
9,300,120
10,300,120
11,300,120
12,300,120
13,300,120
14,300,120
15,300,120
16,300,120
17,300,120
18,300,120
19,300,120
20,300,120
2,15,135
3,15,135
4,15,135
5,15,135
6,15,135
7,15,135
8,15,135
9,15,135
10,15,135
11,15,135
12,15,135
13,15,135
14,15,135
15,15,135
16,15,135
17,15,135
18,15,135
19,15,135
20,15,135
2,30,135
3,30,135
4,30,135
5,30,135
6,30,135
7,30,135
8,30,135
9,30,135
10,30,135
11,30,135
12,30,135
13,30,135
14,30,135
15,30,135
16,30,135
17,30,135
18,30,135
19,30,135
20,30,135
2,45,135
3,45,135
4,45,135
5,45,135
6,45,135
7,45,135
8,45,135
9,45,135
10,45,135
11,45,135
12,45,135
13,45,135
14,45,135
15,45,135
16,45,135
17,45,135
18,45,135
19,45,135
20,45,135
2,60,135
3,60,135
4,60,135
5,60,135
6,60,135
7,60,135
8,60,135
9,60,135
10,60,135
11,60,135
12,60,135
13,60,135
14,60,135
15,60,135
16,60,135
17,60,135
18,60,135
19,60,135
20,60,135
2,75,135
3,75,135
4,75,135
5,75,135
6,75,135
7,75,135
8,75,135
9,75,135
10,75,135
11,75,135
12,75,135
13,75,135
14,75,135
15,75,135
16,75,135
17,75,135
18,75,135
19,75,135
20,75,135
2,90,135
3,90,135
4,90,135
5,90,135
6,90,135
7,90,135
8,90,135
9,90,135
10,90,135
11,90,135
12,90,135
13,90,135
14,90,135
15,90,135
16,90,135
17,90,135
18,90,135
19,90,135
20,90,135
2,105,135
3,105,135
4,105,135
5,105,135
6,105,135
7,105,135
8,105,135
9,105,135
10,105,135
11,105,135
12,105,135
13,105,135
14,105,135
15,105,135
16,105,135
17,105,135
18,105,135
19,105,135
20,105,135
2,120,135
3,120,135
4,120,135
5,120,135
6,120,135
7,120,135
8,120,135
9,120,135
10,120,135
11,120,135
12,120,135
13,120,135
14,120,135
15,120,135
16,120,135
17,120,135
18,120,135
19,120,135
20,120,135
2,135,135
3,135,135
4,135,135
5,135,135
6,135,135
7,135,135
8,135,135
9,135,135
10,135,135
11,135,135
12,135,135
13,135,135
14,135,135
15,135,135
16,135,135
17,135,135
18,135,135
19,135,135
20,135,135
2,150,135
3,150,135
4,150,135
5,150,135
6,150,135
7,150,135
8,150,135
9,150,135
10,150,135
11,150,135
12,150,135
13,150,135
14,150,135
15,150,135
16,150,135
17,150,135
18,150,135
19,150,135
20,150,135
2,165,135
3,165,135
4,165,135
5,165,135
6,165,135
7,165,135
8,165,135
9,165,135
10,165,135
11,165,135
12,165,135
13,165,135
14,165,135
15,165,135
16,165,135
17,165,135
18,165,135
19,165,135
20,165,135
2,180,135
3,180,135
4,180,135
5,180,135
6,180,135
7,180,135
8,180,135
9,180,135
10,180,135
11,180,135
12,180,135
13,180,135
14,180,135
15,180,135
16,180,135
17,180,135
18,180,135
19,180,135
20,180,135
2,195,135
3,195,135
4,195,135
5,195,135
6,195,135
7,195,135
8,195,135
9,195,135
10,195,135
11,195,135
12,195,135
13,195,135
14,195,135
15,195,135
16,195,135
17,195,135
18,195,135
19,195,135
20,195,135
2,210,135
3,210,135
4,210,135
5,210,135
6,210,135
7,210,135
8,210,135
9,210,135
10,210,135
11,210,135
12,210,135
13,210,135
14,210,135
15,210,135
16,210,135
17,210,135
18,210,135
19,210,135
20,210,135
2,225,135
3,225,135
4,225,135
5,225,135
6,225,135
7,225,135
8,225,135
9,225,135
10,225,135
11,225,135
12,225,135
13,225,135
14,225,135
15,225,135
16,225,135
17,225,135
18,225,135
19,225,135
20,225,135
2,240,135
3,240,135
4,240,135
5,240,135
6,240,135
7,240,135
8,240,135
9,240,135
10,240,135
11,240,135
12,240,135
13,240,135
14,240,135
15,240,135
16,240,135
17,240,135
18,240,135
19,240,135
20,240,135
2,255,135
3,255,135
4,255,135
5,255,135
6,255,135
7,255,135
8,255,135
9,255,135
10,255,135
11,255,135
12,255,135
13,255,135
14,255,135
15,255,135
16,255,135
17,255,135
18,255,135
19,255,135
20,255,135
2,270,135
3,270,135
4,270,135
5,270,135
6,270,135
7,270,135
8,270,135
9,270,135
10,270,135
11,270,135
12,270,135
13,270,135
14,270,135
15,270,135
16,270,135
17,270,135
18,270,135
19,270,135
20,270,135
2,285,135
3,285,135
4,285,135
5,285,135
6,285,135
7,285,135
8,285,135
9,285,135
10,285,135
11,285,135
12,285,135
13,285,135
14,285,135
15,285,135
16,285,135
17,285,135
18,285,135
19,285,135
20,285,135
2,300,135
3,300,135
4,300,135
5,300,135
6,300,135
7,300,135
8,300,135
9,300,135
10,300,135
11,300,135
12,300,135
13,300,135
14,300,135
15,300,135
16,300,135
17,300,135
18,300,135
19,300,135
20,300,135
2,15,150
3,15,150
4,15,150
5,15,150
6,15,150
7,15,150
8,15,150
9,15,150
10,15,150
11,15,150
12,15,150
13,15,150
14,15,150
15,15,150
16,15,150
17,15,150
18,15,150
19,15,150
20,15,150
2,30,150
3,30,150
4,30,150
5,30,150
6,30,150
7,30,150
8,30,150
9,30,150
10,30,150
11,30,150
12,30,150
13,30,150
14,30,150
15,30,150
16,30,150
17,30,150
18,30,150
19,30,150
20,30,150
2,45,150
3,45,150
4,45,150
5,45,150
6,45,150
7,45,150
8,45,150
9,45,150
10,45,150
11,45,150
12,45,150
13,45,150
14,45,150
15,45,150
16,45,150
17,45,150
18,45,150
19,45,150
20,45,150
2,60,150
3,60,150
4,60,150
5,60,150
6,60,150
7,60,150
8,60,150
9,60,150
10,60,150
11,60,150
12,60,150
13,60,150
14,60,150
15,60,150
16,60,150
17,60,150
18,60,150
19,60,150
20,60,150
2,75,150
3,75,150
4,75,150
5,75,150
6,75,150
7,75,150
8,75,150
9,75,150
10,75,150
11,75,150
12,75,150
13,75,150
14,75,150
15,75,150
16,75,150
17,75,150
18,75,150
19,75,150
20,75,150
2,90,150
3,90,150
4,90,150
5,90,150
6,90,150
7,90,150
8,90,150
9,90,150
10,90,150
11,90,150
12,90,150
13,90,150
14,90,150
15,90,150
16,90,150
17,90,150
18,90,150
19,90,150
20,90,150
2,105,150
3,105,150
4,105,150
5,105,150
6,105,150
7,105,150
8,105,150
9,105,150
10,105,150
11,105,150
12,105,150
13,105,150
14,105,150
15,105,150
16,105,150
17,105,150
18,105,150
19,105,150
20,105,150
2,120,150
3,120,150
4,120,150
5,120,150
6,120,150
7,120,150
8,120,150
9,120,150
10,120,150
11,120,150
12,120,150
13,120,150
14,120,150
15,120,150
16,120,150
17,120,150
18,120,150
19,120,150
20,120,150
2,135,150
3,135,150
4,135,150
5,135,150
6,135,150
7,135,150
8,135,150
9,135,150
10,135,150
11,135,150
12,135,150
13,135,150
14,135,150
15,135,150
16,135,150
17,135,150
18,135,150
19,135,150
20,135,150
2,150,150
3,150,150
4,150,150
5,150,150
6,150,150
7,150,150
8,150,150
9,150,150
10,150,150
11,150,150
12,150,150
13,150,150
14,150,150
15,150,150
16,150,150
17,150,150
18,150,150
19,150,150
20,150,150
2,165,150
3,165,150
4,165,150
5,165,150
6,165,150
7,165,150
8,165,150
9,165,150
10,165,150
11,165,150
12,165,150
13,165,150
14,165,150
15,165,150
16,165,150
17,165,150
18,165,150
19,165,150
20,165,150
2,180,150
3,180,150
4,180,150
5,180,150
6,180,150
7,180,150
8,180,150
9,180,150
10,180,150
11,180,150
12,180,150
13,180,150
14,180,150
15,180,150
16,180,150
17,180,150
18,180,150
19,180,150
20,180,150
2,195,150
3,195,150
4,195,150
5,195,150
6,195,150
7,195,150
8,195,150
9,195,150
10,195,150
11,195,150
12,195,150
13,195,150
14,195,150
15,195,150
16,195,150
17,195,150
18,195,150
19,195,150
20,195,150
2,210,150
3,210,150
4,210,150
5,210,150
6,210,150
7,210,150
8,210,150
9,210,150
10,210,150
11,210,150
12,210,150
13,210,150
14,210,150
15,210,150
16,210,150
17,210,150
18,210,150
19,210,150
20,210,150
2,225,150
3,225,150
4,225,150
5,225,150
6,225,150
7,225,150
8,225,150
9,225,150
10,225,150
11,225,150
12,225,150
13,225,150
14,225,150
15,225,150
16,225,150
17,225,150
18,225,150
19,225,150
20,225,150
2,240,150
3,240,150
4,240,150
5,240,150
6,240,150
7,240,150
8,240,150
9,240,150
10,240,150
11,240,150
12,240,150
13,240,150
14,240,150
15,240,150
16,240,150
17,240,150
18,240,150
19,240,150
20,240,150
2,255,150
3,255,150
4,255,150
5,255,150
6,255,150
7,255,150
8,255,150
9,255,150
10,255,150
11,255,150
12,255,150
13,255,150
14,255,150
15,255,150
16,255,150
17,255,150
18,255,150
19,255,150
20,255,150
2,270,150
3,270,150
4,270,150
5,270,150
6,270,150
7,270,150
8,270,150
9,270,150
10,270,150
11,270,150
12,270,150
13,270,150
14,270,150
15,270,150
16,270,150
17,270,150
18,270,150
19,270,150
20,270,150
2,285,150
3,285,150
4,285,150
5,285,150
6,285,150
7,285,150
8,285,150
9,285,150
10,285,150
11,285,150
12,285,150
13,285,150
14,285,150
15,285,150
16,285,150
17,285,150
18,285,150
19,285,150
20,285,150
2,300,150
3,300,150
4,300,150
5,300,150
6,300,150
7,300,150
8,300,150
9,300,150
10,300,150
11,300,150
12,300,150
13,300,150
14,300,150
15,300,150
16,300,150
17,300,150
18,300,150
19,300,150
20,300,150
2,15,165
3,15,165
4,15,165
5,15,165
6,15,165
7,15,165
8,15,165
9,15,165
10,15,165
11,15,165
12,15,165
13,15,165
14,15,165
15,15,165
16,15,165
17,15,165
18,15,165
19,15,165
20,15,165
2,30,165
3,30,165
4,30,165
5,30,165
6,30,165
7,30,165
8,30,165
9,30,165
10,30,165
11,30,165
12,30,165
13,30,165
14,30,165
15,30,165
16,30,165
17,30,165
18,30,165
19,30,165
20,30,165
2,45,165
3,45,165
4,45,165
5,45,165
6,45,165
7,45,165
8,45,165
9,45,165
10,45,165
11,45,165
12,45,165
13,45,165
14,45,165
15,45,165
16,45,165
17,45,165
18,45,165
19,45,165
20,45,165
2,60,165
3,60,165
4,60,165
5,60,165
6,60,165
7,60,165
8,60,165
9,60,165
10,60,165
11,60,165
12,60,165
13,60,165
14,60,165
15,60,165
16,60,165
17,60,165
18,60,165
19,60,165
20,60,165
2,75,165
3,75,165
4,75,165
5,75,165
6,75,165
7,75,165
8,75,165
9,75,165
10,75,165
11,75,165
12,75,165
13,75,165
14,75,165
15,75,165
16,75,165
17,75,165
18,75,165
19,75,165
20,75,165
2,90,165
3,90,165
4,90,165
5,90,165
6,90,165
7,90,165
8,90,165
9,90,165
10,90,165
11,90,165
12,90,165
13,90,165
14,90,165
15,90,165
16,90,165
17,90,165
18,90,165
19,90,165
20,90,165
2,105,165
3,105,165
4,105,165
5,105,165
6,105,165
7,105,165
8,105,165
9,105,165
10,105,165
11,105,165
12,105,165
13,105,165
14,105,165
15,105,165
16,105,165
17,105,165
18,105,165
19,105,165
20,105,165
2,120,165
3,120,165
4,120,165
5,120,165
6,120,165
7,120,165
8,120,165
9,120,165
10,120,165
11,120,165
12,120,165
13,120,165
14,120,165
15,120,165
16,120,165
17,120,165
18,120,165
19,120,165
20,120,165
2,135,165
3,135,165
4,135,165
5,135,165
6,135,165
7,135,165
8,135,165
9,135,165
10,135,165
11,135,165
12,135,165
13,135,165
14,135,165
15,135,165
16,135,165
17,135,165
18,135,165
19,135,165
20,135,165
2,150,165
3,150,165
4,150,165
5,150,165
6,150,165
7,150,165
8,150,165
9,150,165
10,150,165
11,150,165
12,150,165
13,150,165
14,150,165
15,150,165
16,150,165
17,150,165
18,150,165
19,150,165
20,150,165
2,165,165
3,165,165
4,165,165
5,165,165
6,165,165
7,165,165
8,165,165
9,165,165
10,165,165
11,165,165
12,165,165
13,165,165
14,165,165
15,165,165
16,165,165
17,165,165
18,165,165
19,165,165
20,165,165
2,180,165
3,180,165
4,180,165
5,180,165
6,180,165
7,180,165
8,180,165
9,180,165
10,180,165
11,180,165
12,180,165
13,180,165
14,180,165
15,180,165
16,180,165
17,180,165
18,180,165
19,180,165
20,180,165
2,195,165
3,195,165
4,195,165
5,195,165
6,195,165
7,195,165
8,195,165
9,195,165
10,195,165
11,195,165
12,195,165
13,195,165
14,195,165
15,195,165
16,195,165
17,195,165
18,195,165
19,195,165
20,195,165
2,210,165
3,210,165
4,210,165
5,210,165
6,210,165
7,210,165
8,210,165
9,210,165
10,210,165
11,210,165
12,210,165
13,210,165
14,210,165
15,210,165
16,210,165
17,210,165
18,210,165
19,210,165
20,210,165
2,225,165
3,225,165
4,225,165
5,225,165
6,225,165
7,225,165
8,225,165
9,225,165
10,225,165
11,225,165
12,225,165
13,225,165
14,225,165
15,225,165
16,225,165
17,225,165
18,225,165
19,225,165
20,225,165
2,240,165
3,240,165
4,240,165
5,240,165
6,240,165
7,240,165
8,240,165
9,240,165
10,240,165
11,240,165
12,240,165
13,240,165
14,240,165
15,240,165
16,240,165
17,240,165
18,240,165
19,240,165
20,240,165
2,255,165
3,255,165
4,255,165
5,255,165
6,255,165
7,255,165
8,255,165
9,255,165
10,255,165
11,255,165
12,255,165
13,255,165
14,255,165
15,255,165
16,255,165
17,255,165
18,255,165
19,255,165
20,255,165
2,270,165
3,270,165
4,270,165
5,270,165
6,270,165
7,270,165
8,270,165
9,270,165
10,270,165
11,270,165
12,270,165
13,270,165
14,270,165
15,270,165
16,270,165
17,270,165
18,270,165
19,270,165
20,270,165
2,285,165
3,285,165
4,285,165
5,285,165
6,285,165
7,285,165
8,285,165
9,285,165
10,285,165
11,285,165
12,285,165
13,285,165
14,285,165
15,285,165
16,285,165
17,285,165
18,285,165
19,285,165
20,285,165
2,300,165
3,300,165
4,300,165
5,300,165
6,300,165
7,300,165
8,300,165
9,300,165
10,300,165
11,300,165
12,300,165
13,300,165
14,300,165
15,300,165
16,300,165
17,300,165
18,300,165
19,300,165
20,300,165
2,15,180
3,15,180
4,15,180
5,15,180
6,15,180
7,15,180
8,15,180
9,15,180
10,15,180
11,15,180
12,15,180
13,15,180
14,15,180
15,15,180
16,15,180
17,15,180
18,15,180
19,15,180
20,15,180
2,30,180
3,30,180
4,30,180
5,30,180
6,30,180
7,30,180
8,30,180
9,30,180
10,30,180
11,30,180
12,30,180
13,30,180
14,30,180
15,30,180
16,30,180
17,30,180
18,30,180
19,30,180
20,30,180
2,45,180
3,45,180
4,45,180
5,45,180
6,45,180
7,45,180
8,45,180
9,45,180
10,45,180
11,45,180
12,45,180
13,45,180
14,45,180
15,45,180
16,45,180
17,45,180
18,45,180
19,45,180
20,45,180
2,60,180
3,60,180
4,60,180
5,60,180
6,60,180
7,60,180
8,60,180
9,60,180
10,60,180
11,60,180
12,60,180
13,60,180
14,60,180
15,60,180
16,60,180
17,60,180
18,60,180
19,60,180
20,60,180
2,75,180
3,75,180
4,75,180
5,75,180
6,75,180
7,75,180
8,75,180
9,75,180
10,75,180
11,75,180
12,75,180
13,75,180
14,75,180
15,75,180
16,75,180
17,75,180
18,75,180
19,75,180
20,75,180
2,90,180
3,90,180
4,90,180
5,90,180
6,90,180
7,90,180
8,90,180
9,90,180
10,90,180
11,90,180
12,90,180
13,90,180
14,90,180
15,90,180
16,90,180
17,90,180
18,90,180
19,90,180
20,90,180
2,105,180
3,105,180
4,105,180
5,105,180
6,105,180
7,105,180
8,105,180
9,105,180
10,105,180
11,105,180
12,105,180
13,105,180
14,105,180
15,105,180
16,105,180
17,105,180
18,105,180
19,105,180
20,105,180
2,120,180
3,120,180
4,120,180
5,120,180
6,120,180
7,120,180
8,120,180
9,120,180
10,120,180
11,120,180
12,120,180
13,120,180
14,120,180
15,120,180
16,120,180
17,120,180
18,120,180
19,120,180
20,120,180
2,135,180
3,135,180
4,135,180
5,135,180
6,135,180
7,135,180
8,135,180
9,135,180
10,135,180
11,135,180
12,135,180
13,135,180
14,135,180
15,135,180
16,135,180
17,135,180
18,135,180
19,135,180
20,135,180
2,150,180
3,150,180
4,150,180
5,150,180
6,150,180
7,150,180
8,150,180
9,150,180
10,150,180
11,150,180
12,150,180
13,150,180
14,150,180
15,150,180
16,150,180
17,150,180
18,150,180
19,150,180
20,150,180
2,165,180
3,165,180
4,165,180
5,165,180
6,165,180
7,165,180
8,165,180
9,165,180
10,165,180
11,165,180
12,165,180
13,165,180
14,165,180
15,165,180
16,165,180
17,165,180
18,165,180
19,165,180
20,165,180
2,180,180
3,180,180
4,180,180
5,180,180
6,180,180
7,180,180
8,180,180
9,180,180
10,180,180
11,180,180
12,180,180
13,180,180
14,180,180
15,180,180
16,180,180
17,180,180
18,180,180
19,180,180
20,180,180
2,195,180
3,195,180
4,195,180
5,195,180
6,195,180
7,195,180
8,195,180
9,195,180
10,195,180
11,195,180
12,195,180
13,195,180
14,195,180
15,195,180
16,195,180
17,195,180
18,195,180
19,195,180
20,195,180
2,210,180
3,210,180
4,210,180
5,210,180
6,210,180
7,210,180
8,210,180
9,210,180
10,210,180
11,210,180
12,210,180
13,210,180
14,210,180
15,210,180
16,210,180
17,210,180
18,210,180
19,210,180
20,210,180
2,225,180
3,225,180
4,225,180
5,225,180
6,225,180
7,225,180
8,225,180
9,225,180
10,225,180
11,225,180
12,225,180
13,225,180
14,225,180
15,225,180
16,225,180
17,225,180
18,225,180
19,225,180
20,225,180
2,240,180
3,240,180
4,240,180
5,240,180
6,240,180
7,240,180
8,240,180
9,240,180
10,240,180
11,240,180
12,240,180
13,240,180
14,240,180
15,240,180
16,240,180
17,240,180
18,240,180
19,240,180
20,240,180
2,255,180
3,255,180
4,255,180
5,255,180
6,255,180
7,255,180
8,255,180
9,255,180
10,255,180
11,255,180
12,255,180
13,255,180
14,255,180
15,255,180
16,255,180
17,255,180
18,255,180
19,255,180
20,255,180
2,270,180
3,270,180
4,270,180
5,270,180
6,270,180
7,270,180
8,270,180
9,270,180
10,270,180
11,270,180
12,270,180
13,270,180
14,270,180
15,270,180
16,270,180
17,270,180
18,270,180
19,270,180
20,270,180
2,285,180
3,285,180
4,285,180
5,285,180
6,285,180
7,285,180
8,285,180
9,285,180
10,285,180
11,285,180
12,285,180
13,285,180
14,285,180
15,285,180
16,285,180
17,285,180
18,285,180
19,285,180
20,285,180
2,300,180
3,300,180
4,300,180
5,300,180
6,300,180
7,300,180
8,300,180
9,300,180
10,300,180
11,300,180
12,300,180
13,300,180
14,300,180
15,300,180
16,300,180
17,300,180
18,300,180
19,300,180
20,300,180
2,15,195
3,15,195
4,15,195
5,15,195
6,15,195
7,15,195
8,15,195
9,15,195
10,15,195
11,15,195
12,15,195
13,15,195
14,15,195
15,15,195
16,15,195
17,15,195
18,15,195
19,15,195
20,15,195
2,30,195
3,30,195
4,30,195
5,30,195
6,30,195
7,30,195
8,30,195
9,30,195
10,30,195
11,30,195
12,30,195
13,30,195
14,30,195
15,30,195
16,30,195
17,30,195
18,30,195
19,30,195
20,30,195
2,45,195
3,45,195
4,45,195
5,45,195
6,45,195
7,45,195
8,45,195
9,45,195
10,45,195
11,45,195
12,45,195
13,45,195
14,45,195
15,45,195
16,45,195
17,45,195
18,45,195
19,45,195
20,45,195
2,60,195
3,60,195
4,60,195
5,60,195
6,60,195
7,60,195
8,60,195
9,60,195
10,60,195
11,60,195
12,60,195
13,60,195
14,60,195
15,60,195
16,60,195
17,60,195
18,60,195
19,60,195
20,60,195
2,75,195
3,75,195
4,75,195
5,75,195
6,75,195
7,75,195
8,75,195
9,75,195
10,75,195
11,75,195
12,75,195
13,75,195
14,75,195
15,75,195
16,75,195
17,75,195
18,75,195
19,75,195
20,75,195
2,90,195
3,90,195
4,90,195
5,90,195
6,90,195
7,90,195
8,90,195
9,90,195
10,90,195
11,90,195
12,90,195
13,90,195
14,90,195
15,90,195
16,90,195
17,90,195
18,90,195
19,90,195
20,90,195
2,105,195
3,105,195
4,105,195
5,105,195
6,105,195
7,105,195
8,105,195
9,105,195
10,105,195
11,105,195
12,105,195
13,105,195
14,105,195
15,105,195
16,105,195
17,105,195
18,105,195
19,105,195
20,105,195
2,120,195
3,120,195
4,120,195
5,120,195
6,120,195
7,120,195
8,120,195
9,120,195
10,120,195
11,120,195
12,120,195
13,120,195
14,120,195
15,120,195
16,120,195
17,120,195
18,120,195
19,120,195
20,120,195
2,135,195
3,135,195
4,135,195
5,135,195
6,135,195
7,135,195
8,135,195
9,135,195
10,135,195
11,135,195
12,135,195
13,135,195
14,135,195
15,135,195
16,135,195
17,135,195
18,135,195
19,135,195
20,135,195
2,150,195
3,150,195
4,150,195
5,150,195
6,150,195
7,150,195
8,150,195
9,150,195
10,150,195
11,150,195
12,150,195
13,150,195
14,150,195
15,150,195
16,150,195
17,150,195
18,150,195
19,150,195
20,150,195
2,165,195
3,165,195
4,165,195
5,165,195
6,165,195
7,165,195
8,165,195
9,165,195
10,165,195
11,165,195
12,165,195
13,165,195
14,165,195
15,165,195
16,165,195
17,165,195
18,165,195
19,165,195
20,165,195
2,180,195
3,180,195
4,180,195
5,180,195
6,180,195
7,180,195
8,180,195
9,180,195
10,180,195
11,180,195
12,180,195
13,180,195
14,180,195
15,180,195
16,180,195
17,180,195
18,180,195
19,180,195
20,180,195
2,195,195
3,195,195
4,195,195
5,195,195
6,195,195
7,195,195
8,195,195
9,195,195
10,195,195
11,195,195
12,195,195
13,195,195
14,195,195
15,195,195
16,195,195
17,195,195
18,195,195
19,195,195
20,195,195
2,210,195
3,210,195
4,210,195
5,210,195
6,210,195
7,210,195
8,210,195
9,210,195
10,210,195
11,210,195
12,210,195
13,210,195
14,210,195
15,210,195
16,210,195
17,210,195
18,210,195
19,210,195
20,210,195
2,225,195
3,225,195
4,225,195
5,225,195
6,225,195
7,225,195
8,225,195
9,225,195
10,225,195
11,225,195
12,225,195
13,225,195
14,225,195
15,225,195
16,225,195
17,225,195
18,225,195
19,225,195
20,225,195
2,240,195
3,240,195
4,240,195
5,240,195
6,240,195
7,240,195
8,240,195
9,240,195
10,240,195
11,240,195
12,240,195
13,240,195
14,240,195
15,240,195
16,240,195
17,240,195
18,240,195
19,240,195
20,240,195
2,255,195
3,255,195
4,255,195
5,255,195
6,255,195
7,255,195
8,255,195
9,255,195
10,255,195
11,255,195
12,255,195
13,255,195
14,255,195
15,255,195
16,255,195
17,255,195
18,255,195
19,255,195
20,255,195
2,270,195
3,270,195
4,270,195
5,270,195
6,270,195
7,270,195
8,270,195
9,270,195
10,270,195
11,270,195
12,270,195
13,270,195
14,270,195
15,270,195
16,270,195
17,270,195
18,270,195
19,270,195
20,270,195
2,285,195
3,285,195
4,285,195
5,285,195
6,285,195
7,285,195
8,285,195
9,285,195
10,285,195
11,285,195
12,285,195
13,285,195
14,285,195
15,285,195
16,285,195
17,285,195
18,285,195
19,285,195
20,285,195
2,300,195
3,300,195
4,300,195
5,300,195
6,300,195
7,300,195
8,300,195
9,300,195
10,300,195
11,300,195
12,300,195
13,300,195
14,300,195
15,300,195
16,300,195
17,300,195
18,300,195
19,300,195
20,300,195
2,15,210
3,15,210
4,15,210
5,15,210
6,15,210
7,15,210
8,15,210
9,15,210
10,15,210
11,15,210
12,15,210
13,15,210
14,15,210
15,15,210
16,15,210
17,15,210
18,15,210
19,15,210
20,15,210
2,30,210
3,30,210
4,30,210
5,30,210
6,30,210
7,30,210
8,30,210
9,30,210
10,30,210
11,30,210
12,30,210
13,30,210
14,30,210
15,30,210
16,30,210
17,30,210
18,30,210
19,30,210
20,30,210
2,45,210
3,45,210
4,45,210
5,45,210
6,45,210
7,45,210
8,45,210
9,45,210
10,45,210
11,45,210
12,45,210
13,45,210
14,45,210
15,45,210
16,45,210
17,45,210
18,45,210
19,45,210
20,45,210
2,60,210
3,60,210
4,60,210
5,60,210
6,60,210
7,60,210
8,60,210
9,60,210
10,60,210
11,60,210
12,60,210
13,60,210
14,60,210
15,60,210
16,60,210
17,60,210
18,60,210
19,60,210
20,60,210
2,75,210
3,75,210
4,75,210
5,75,210
6,75,210
7,75,210
8,75,210
9,75,210
10,75,210
11,75,210
12,75,210
13,75,210
14,75,210
15,75,210
16,75,210
17,75,210
18,75,210
19,75,210
20,75,210
2,90,210
3,90,210
4,90,210
5,90,210
6,90,210
7,90,210
8,90,210
9,90,210
10,90,210
11,90,210
12,90,210
13,90,210
14,90,210
15,90,210
16,90,210
17,90,210
18,90,210
19,90,210
20,90,210
2,105,210
3,105,210
4,105,210
5,105,210
6,105,210
7,105,210
8,105,210
9,105,210
10,105,210
11,105,210
12,105,210
13,105,210
14,105,210
15,105,210
16,105,210
17,105,210
18,105,210
19,105,210
20,105,210
2,120,210
3,120,210
4,120,210
5,120,210
6,120,210
7,120,210
8,120,210
9,120,210
10,120,210
11,120,210
12,120,210
13,120,210
14,120,210
15,120,210
16,120,210
17,120,210
18,120,210
19,120,210
20,120,210
2,135,210
3,135,210
4,135,210
5,135,210
6,135,210
7,135,210
8,135,210
9,135,210
10,135,210
11,135,210
12,135,210
13,135,210
14,135,210
15,135,210
16,135,210
17,135,210
18,135,210
19,135,210
20,135,210
2,150,210
3,150,210
4,150,210
5,150,210
6,150,210
7,150,210
8,150,210
9,150,210
10,150,210
11,150,210
12,150,210
13,150,210
14,150,210
15,150,210
16,150,210
17,150,210
18,150,210
19,150,210
20,150,210
2,165,210
3,165,210
4,165,210
5,165,210
6,165,210
7,165,210
8,165,210
9,165,210
10,165,210
11,165,210
12,165,210
13,165,210
14,165,210
15,165,210
16,165,210
17,165,210
18,165,210
19,165,210
20,165,210
2,180,210
3,180,210
4,180,210
5,180,210
6,180,210
7,180,210
8,180,210
9,180,210
10,180,210
11,180,210
12,180,210
13,180,210
14,180,210
15,180,210
16,180,210
17,180,210
18,180,210
19,180,210
20,180,210
2,195,210
3,195,210
4,195,210
5,195,210
6,195,210
7,195,210
8,195,210
9,195,210
10,195,210
11,195,210
12,195,210
13,195,210
14,195,210
15,195,210
16,195,210
17,195,210
18,195,210
19,195,210
20,195,210
2,210,210
3,210,210
4,210,210
5,210,210
6,210,210
7,210,210
8,210,210
9,210,210
10,210,210
11,210,210
12,210,210
13,210,210
14,210,210
15,210,210
16,210,210
17,210,210
18,210,210
19,210,210
20,210,210
2,225,210
3,225,210
4,225,210
5,225,210
6,225,210
7,225,210
8,225,210
9,225,210
10,225,210
11,225,210
12,225,210
13,225,210
14,225,210
15,225,210
16,225,210
17,225,210
18,225,210
19,225,210
20,225,210
2,240,210
3,240,210
4,240,210
5,240,210
6,240,210
7,240,210
8,240,210
9,240,210
10,240,210
11,240,210
12,240,210
13,240,210
14,240,210
15,240,210
16,240,210
17,240,210
18,240,210
19,240,210
20,240,210
2,255,210
3,255,210
4,255,210
5,255,210
6,255,210
7,255,210
8,255,210
9,255,210
10,255,210
11,255,210
12,255,210
13,255,210
14,255,210
15,255,210
16,255,210
17,255,210
18,255,210
19,255,210
20,255,210
2,270,210
3,270,210
4,270,210
5,270,210
6,270,210
7,270,210
8,270,210
9,270,210
10,270,210
11,270,210
12,270,210
13,270,210
14,270,210
15,270,210
16,270,210
17,270,210
18,270,210
19,270,210
20,270,210
2,285,210
3,285,210
4,285,210
5,285,210
6,285,210
7,285,210
8,285,210
9,285,210
10,285,210
11,285,210
12,285,210
13,285,210
14,285,210
15,285,210
16,285,210
17,285,210
18,285,210
19,285,210
20,285,210
2,300,210
3,300,210
4,300,210
5,300,210
6,300,210
7,300,210
8,300,210
9,300,210
10,300,210
11,300,210
12,300,210
13,300,210
14,300,210
15,300,210
16,300,210
17,300,210
18,300,210
19,300,210
20,300,210
2,15,225
3,15,225
4,15,225
5,15,225
6,15,225
7,15,225
8,15,225
9,15,225
10,15,225
11,15,225
12,15,225
13,15,225
14,15,225
15,15,225
16,15,225
17,15,225
18,15,225
19,15,225
20,15,225
2,30,225
3,30,225
4,30,225
5,30,225
6,30,225
7,30,225
8,30,225
9,30,225
10,30,225
11,30,225
12,30,225
13,30,225
14,30,225
15,30,225
16,30,225
17,30,225
18,30,225
19,30,225
20,30,225
2,45,225
3,45,225
4,45,225
5,45,225
6,45,225
7,45,225
8,45,225
9,45,225
10,45,225
11,45,225
12,45,225
13,45,225
14,45,225
15,45,225
16,45,225
17,45,225
18,45,225
19,45,225
20,45,225
2,60,225
3,60,225
4,60,225
5,60,225
6,60,225
7,60,225
8,60,225
9,60,225
10,60,225
11,60,225
12,60,225
13,60,225
14,60,225
15,60,225
16,60,225
17,60,225
18,60,225
19,60,225
20,60,225
2,75,225
3,75,225
4,75,225
5,75,225
6,75,225
7,75,225
8,75,225
9,75,225
10,75,225
11,75,225
12,75,225
13,75,225
14,75,225
15,75,225
16,75,225
17,75,225
18,75,225
19,75,225
20,75,225
2,90,225
3,90,225
4,90,225
5,90,225
6,90,225
7,90,225
8,90,225
9,90,225
10,90,225
11,90,225
12,90,225
13,90,225
14,90,225
15,90,225
16,90,225
17,90,225
18,90,225
19,90,225
20,90,225
2,105,225
3,105,225
4,105,225
5,105,225
6,105,225
7,105,225
8,105,225
9,105,225
10,105,225
11,105,225
12,105,225
13,105,225
14,105,225
15,105,225
16,105,225
17,105,225
18,105,225
19,105,225
20,105,225
2,120,225
3,120,225
4,120,225
5,120,225
6,120,225
7,120,225
8,120,225
9,120,225
10,120,225
11,120,225
12,120,225
13,120,225
14,120,225
15,120,225
16,120,225
17,120,225
18,120,225
19,120,225
20,120,225
2,135,225
3,135,225
4,135,225
5,135,225
6,135,225
7,135,225
8,135,225
9,135,225
10,135,225
11,135,225
12,135,225
13,135,225
14,135,225
15,135,225
16,135,225
17,135,225
18,135,225
19,135,225
20,135,225
2,150,225
3,150,225
4,150,225
5,150,225
6,150,225
7,150,225
8,150,225
9,150,225
10,150,225
11,150,225
12,150,225
13,150,225
14,150,225
15,150,225
16,150,225
17,150,225
18,150,225
19,150,225
20,150,225
2,165,225
3,165,225
4,165,225
5,165,225
6,165,225
7,165,225
8,165,225
9,165,225
10,165,225
11,165,225
12,165,225
13,165,225
14,165,225
15,165,225
16,165,225
17,165,225
18,165,225
19,165,225
20,165,225
2,180,225
3,180,225
4,180,225
5,180,225
6,180,225
7,180,225
8,180,225
9,180,225
10,180,225
11,180,225
12,180,225
13,180,225
14,180,225
15,180,225
16,180,225
17,180,225
18,180,225
19,180,225
20,180,225
2,195,225
3,195,225
4,195,225
5,195,225
6,195,225
7,195,225
8,195,225
9,195,225
10,195,225
11,195,225
12,195,225
13,195,225
14,195,225
15,195,225
16,195,225
17,195,225
18,195,225
19,195,225
20,195,225
2,210,225
3,210,225
4,210,225
5,210,225
6,210,225
7,210,225
8,210,225
9,210,225
10,210,225
11,210,225
12,210,225
13,210,225
14,210,225
15,210,225
16,210,225
17,210,225
18,210,225
19,210,225
20,210,225
2,225,225
3,225,225
4,225,225
5,225,225
6,225,225
7,225,225
8,225,225
9,225,225
10,225,225
11,225,225
12,225,225
13,225,225
14,225,225
15,225,225
16,225,225
17,225,225
18,225,225
19,225,225
20,225,225
2,240,225
3,240,225
4,240,225
5,240,225
6,240,225
7,240,225
8,240,225
9,240,225
10,240,225
11,240,225
12,240,225
13,240,225
14,240,225
15,240,225
16,240,225
17,240,225
18,240,225
19,240,225
20,240,225
2,255,225
3,255,225
4,255,225
5,255,225
6,255,225
7,255,225
8,255,225
9,255,225
10,255,225
11,255,225
12,255,225
13,255,225
14,255,225
15,255,225
16,255,225
17,255,225
18,255,225
19,255,225
20,255,225
2,270,225
3,270,225
4,270,225
5,270,225
6,270,225
7,270,225
8,270,225
9,270,225
10,270,225
11,270,225
12,270,225
13,270,225
14,270,225
15,270,225
16,270,225
17,270,225
18,270,225
19,270,225
20,270,225
2,285,225
3,285,225
4,285,225
5,285,225
6,285,225
7,285,225
8,285,225
9,285,225
10,285,225
11,285,225
12,285,225
13,285,225
14,285,225
15,285,225
16,285,225
17,285,225
18,285,225
19,285,225
20,285,225
2,300,225
3,300,225
4,300,225
5,300,225
6,300,225
7,300,225
8,300,225
9,300,225
10,300,225
11,300,225
12,300,225
13,300,225
14,300,225
15,300,225
16,300,225
17,300,225
18,300,225
19,300,225
20,300,225
2,15,240
3,15,240
4,15,240
5,15,240
6,15,240
7,15,240
8,15,240
9,15,240
10,15,240
11,15,240
12,15,240
13,15,240
14,15,240
15,15,240
16,15,240
17,15,240
18,15,240
19,15,240
20,15,240
2,30,240
3,30,240
4,30,240
5,30,240
6,30,240
7,30,240
8,30,240
9,30,240
10,30,240
11,30,240
12,30,240
13,30,240
14,30,240
15,30,240
16,30,240
17,30,240
18,30,240
19,30,240
20,30,240
2,45,240
3,45,240
4,45,240
5,45,240
6,45,240
7,45,240
8,45,240
9,45,240
10,45,240
11,45,240
12,45,240
13,45,240
14,45,240
15,45,240
16,45,240
17,45,240
18,45,240
19,45,240
20,45,240
2,60,240
3,60,240
4,60,240
5,60,240
6,60,240
7,60,240
8,60,240
9,60,240
10,60,240
11,60,240
12,60,240
13,60,240
14,60,240
15,60,240
16,60,240
17,60,240
18,60,240
19,60,240
20,60,240
2,75,240
3,75,240
4,75,240
5,75,240
6,75,240
7,75,240
8,75,240
9,75,240
10,75,240
11,75,240
12,75,240
13,75,240
14,75,240
15,75,240
16,75,240
17,75,240
18,75,240
19,75,240
20,75,240
2,90,240
3,90,240
4,90,240
5,90,240
6,90,240
7,90,240
8,90,240
9,90,240
10,90,240
11,90,240
12,90,240
13,90,240
14,90,240
15,90,240
16,90,240
17,90,240
18,90,240
19,90,240
20,90,240
2,105,240
3,105,240
4,105,240
5,105,240
6,105,240
7,105,240
8,105,240
9,105,240
10,105,240
11,105,240
12,105,240
13,105,240
14,105,240
15,105,240
16,105,240
17,105,240
18,105,240
19,105,240
20,105,240
2,120,240
3,120,240
4,120,240
5,120,240
6,120,240
7,120,240
8,120,240
9,120,240
10,120,240
11,120,240
12,120,240
13,120,240
14,120,240
15,120,240
16,120,240
17,120,240
18,120,240
19,120,240
20,120,240
2,135,240
3,135,240
4,135,240
5,135,240
6,135,240
7,135,240
8,135,240
9,135,240
10,135,240
11,135,240
12,135,240
13,135,240
14,135,240
15,135,240
16,135,240
17,135,240
18,135,240
19,135,240
20,135,240
2,150,240
3,150,240
4,150,240
5,150,240
6,150,240
7,150,240
8,150,240
9,150,240
10,150,240
11,150,240
12,150,240
13,150,240
14,150,240
15,150,240
16,150,240
17,150,240
18,150,240
19,150,240
20,150,240
2,165,240
3,165,240
4,165,240
5,165,240
6,165,240
7,165,240
8,165,240
9,165,240
10,165,240
11,165,240
12,165,240
13,165,240
14,165,240
15,165,240
16,165,240
17,165,240
18,165,240
19,165,240
20,165,240
2,180,240
3,180,240
4,180,240
5,180,240
6,180,240
7,180,240
8,180,240
9,180,240
10,180,240
11,180,240
12,180,240
13,180,240
14,180,240
15,180,240
16,180,240
17,180,240
18,180,240
19,180,240
20,180,240
2,195,240
3,195,240
4,195,240
5,195,240
6,195,240
7,195,240
8,195,240
9,195,240
10,195,240
11,195,240
12,195,240
13,195,240
14,195,240
15,195,240
16,195,240
17,195,240
18,195,240
19,195,240
20,195,240
2,210,240
3,210,240
4,210,240
5,210,240
6,210,240
7,210,240
8,210,240
9,210,240
10,210,240
11,210,240
12,210,240
13,210,240
14,210,240
15,210,240
16,210,240
17,210,240
18,210,240
19,210,240
20,210,240
2,225,240
3,225,240
4,225,240
5,225,240
6,225,240
7,225,240
8,225,240
9,225,240
10,225,240
11,225,240
12,225,240
13,225,240
14,225,240
15,225,240
16,225,240
17,225,240
18,225,240
19,225,240
20,225,240
2,240,240
3,240,240
4,240,240
5,240,240
6,240,240
7,240,240
8,240,240
9,240,240
10,240,240
11,240,240
12,240,240
13,240,240
14,240,240
15,240,240
16,240,240
17,240,240
18,240,240
19,240,240
20,240,240
2,255,240
3,255,240
4,255,240
5,255,240
6,255,240
7,255,240
8,255,240
9,255,240
10,255,240
11,255,240
12,255,240
13,255,240
14,255,240
15,255,240
16,255,240
17,255,240
18,255,240
19,255,240
20,255,240
2,270,240
3,270,240
4,270,240
5,270,240
6,270,240
7,270,240
8,270,240
9,270,240
10,270,240
11,270,240
12,270,240
13,270,240
14,270,240
15,270,240
16,270,240
17,270,240
18,270,240
19,270,240
20,270,240
2,285,240
3,285,240
4,285,240
5,285,240
6,285,240
7,285,240
8,285,240
9,285,240
10,285,240
11,285,240
12,285,240
13,285,240
14,285,240
15,285,240
16,285,240
17,285,240
18,285,240
19,285,240
20,285,240
2,300,240
3,300,240
4,300,240
5,300,240
6,300,240
7,300,240
8,300,240
9,300,240
10,300,240
11,300,240
12,300,240
13,300,240
14,300,240
15,300,240
16,300,240
17,300,240
18,300,240
19,300,240
20,300,240
2,15,255
3,15,255
4,15,255
5,15,255
6,15,255
7,15,255
8,15,255
9,15,255
10,15,255
11,15,255
12,15,255
13,15,255
14,15,255
15,15,255
16,15,255
17,15,255
18,15,255
19,15,255
20,15,255
2,30,255
3,30,255
4,30,255
5,30,255
6,30,255
7,30,255
8,30,255
9,30,255
10,30,255
11,30,255
12,30,255
13,30,255
14,30,255
15,30,255
16,30,255
17,30,255
18,30,255
19,30,255
20,30,255
2,45,255
3,45,255
4,45,255
5,45,255
6,45,255
7,45,255
8,45,255
9,45,255
10,45,255
11,45,255
12,45,255
13,45,255
14,45,255
15,45,255
16,45,255
17,45,255
18,45,255
19,45,255
20,45,255
2,60,255
3,60,255
4,60,255
5,60,255
6,60,255
7,60,255
8,60,255
9,60,255
10,60,255
11,60,255
12,60,255
13,60,255
14,60,255
15,60,255
16,60,255
17,60,255
18,60,255
19,60,255
20,60,255
2,75,255
3,75,255
4,75,255
5,75,255
6,75,255
7,75,255
8,75,255
9,75,255
10,75,255
11,75,255
12,75,255
13,75,255
14,75,255
15,75,255
16,75,255
17,75,255
18,75,255
19,75,255
20,75,255
2,90,255
3,90,255
4,90,255
5,90,255
6,90,255
7,90,255
8,90,255
9,90,255
10,90,255
11,90,255
12,90,255
13,90,255
14,90,255
15,90,255
16,90,255
17,90,255
18,90,255
19,90,255
20,90,255
2,105,255
3,105,255
4,105,255
5,105,255
6,105,255
7,105,255
8,105,255
9,105,255
10,105,255
11,105,255
12,105,255
13,105,255
14,105,255
15,105,255
16,105,255
17,105,255
18,105,255
19,105,255
20,105,255
2,120,255
3,120,255
4,120,255
5,120,255
6,120,255
7,120,255
8,120,255
9,120,255
10,120,255
11,120,255
12,120,255
13,120,255
14,120,255
15,120,255
16,120,255
17,120,255
18,120,255
19,120,255
20,120,255
2,135,255
3,135,255
4,135,255
5,135,255
6,135,255
7,135,255
8,135,255
9,135,255
10,135,255
11,135,255
12,135,255
13,135,255
14,135,255
15,135,255
16,135,255
17,135,255
18,135,255
19,135,255
20,135,255
2,150,255
3,150,255
4,150,255
5,150,255
6,150,255
7,150,255
8,150,255
9,150,255
10,150,255
11,150,255
12,150,255
13,150,255
14,150,255
15,150,255
16,150,255
17,150,255
18,150,255
19,150,255
20,150,255
2,165,255
3,165,255
4,165,255
5,165,255
6,165,255
7,165,255
8,165,255
9,165,255
10,165,255
11,165,255
12,165,255
13,165,255
14,165,255
15,165,255
16,165,255
17,165,255
18,165,255
19,165,255
20,165,255
2,180,255
3,180,255
4,180,255
5,180,255
6,180,255
7,180,255
8,180,255
9,180,255
10,180,255
11,180,255
12,180,255
13,180,255
14,180,255
15,180,255
16,180,255
17,180,255
18,180,255
19,180,255
20,180,255
2,195,255
3,195,255
4,195,255
5,195,255
6,195,255
7,195,255
8,195,255
9,195,255
10,195,255
11,195,255
12,195,255
13,195,255
14,195,255
15,195,255
16,195,255
17,195,255
18,195,255
19,195,255
20,195,255
2,210,255
3,210,255
4,210,255
5,210,255
6,210,255
7,210,255
8,210,255
9,210,255
10,210,255
11,210,255
12,210,255
13,210,255
14,210,255
15,210,255
16,210,255
17,210,255
18,210,255
19,210,255
20,210,255
2,225,255
3,225,255
4,225,255
5,225,255
6,225,255
7,225,255
8,225,255
9,225,255
10,225,255
11,225,255
12,225,255
13,225,255
14,225,255
15,225,255
16,225,255
17,225,255
18,225,255
19,225,255
20,225,255
2,240,255
3,240,255
4,240,255
5,240,255
6,240,255
7,240,255
8,240,255
9,240,255
10,240,255
11,240,255
12,240,255
13,240,255
14,240,255
15,240,255
16,240,255
17,240,255
18,240,255
19,240,255
20,240,255
2,255,255
3,255,255
4,255,255
5,255,255
6,255,255
7,255,255
8,255,255
9,255,255
10,255,255
11,255,255
12,255,255
13,255,255
14,255,255
15,255,255
16,255,255
17,255,255
18,255,255
19,255,255
20,255,255
2,270,255
3,270,255
4,270,255
5,270,255
6,270,255
7,270,255
8,270,255
9,270,255
10,270,255
11,270,255
12,270,255
13,270,255
14,270,255
15,270,255
16,270,255
17,270,255
18,270,255
19,270,255
20,270,255
2,285,255
3,285,255
4,285,255
5,285,255
6,285,255
7,285,255
8,285,255
9,285,255
10,285,255
11,285,255
12,285,255
13,285,255
14,285,255
15,285,255
16,285,255
17,285,255
18,285,255
19,285,255
20,285,255
2,300,255
3,300,255
4,300,255
5,300,255
6,300,255
7,300,255
8,300,255
9,300,255
10,300,255
11,300,255
12,300,255
13,300,255
14,300,255
15,300,255
16,300,255
17,300,255
18,300,255
19,300,255
20,300,255
2,15,270
3,15,270
4,15,270
5,15,270
6,15,270
7,15,270
8,15,270
9,15,270
10,15,270
11,15,270
12,15,270
13,15,270
14,15,270
15,15,270
16,15,270
17,15,270
18,15,270
19,15,270
20,15,270
2,30,270
3,30,270
4,30,270
5,30,270
6,30,270
7,30,270
8,30,270
9,30,270
10,30,270
11,30,270
12,30,270
13,30,270
14,30,270
15,30,270
16,30,270
17,30,270
18,30,270
19,30,270
20,30,270
2,45,270
3,45,270
4,45,270
5,45,270
6,45,270
7,45,270
8,45,270
9,45,270
10,45,270
11,45,270
12,45,270
13,45,270
14,45,270
15,45,270
16,45,270
17,45,270
18,45,270
19,45,270
20,45,270
2,60,270
3,60,270
4,60,270
5,60,270
6,60,270
7,60,270
8,60,270
9,60,270
10,60,270
11,60,270
12,60,270
13,60,270
14,60,270
15,60,270
16,60,270
17,60,270
18,60,270
19,60,270
20,60,270
2,75,270
3,75,270
4,75,270
5,75,270
6,75,270
7,75,270
8,75,270
9,75,270
10,75,270
11,75,270
12,75,270
13,75,270
14,75,270
15,75,270
16,75,270
17,75,270
18,75,270
19,75,270
20,75,270
2,90,270
3,90,270
4,90,270
5,90,270
6,90,270
7,90,270
8,90,270
9,90,270
10,90,270
11,90,270
12,90,270
13,90,270
14,90,270
15,90,270
16,90,270
17,90,270
18,90,270
19,90,270
20,90,270
2,105,270
3,105,270
4,105,270
5,105,270
6,105,270
7,105,270
8,105,270
9,105,270
10,105,270
11,105,270
12,105,270
13,105,270
14,105,270
15,105,270
16,105,270
17,105,270
18,105,270
19,105,270
20,105,270
2,120,270
3,120,270
4,120,270
5,120,270
6,120,270
7,120,270
8,120,270
9,120,270
10,120,270
11,120,270
12,120,270
13,120,270
14,120,270
15,120,270
16,120,270
17,120,270
18,120,270
19,120,270
20,120,270
2,135,270
3,135,270
4,135,270
5,135,270
6,135,270
7,135,270
8,135,270
9,135,270
10,135,270
11,135,270
12,135,270
13,135,270
14,135,270
15,135,270
16,135,270
17,135,270
18,135,270
19,135,270
20,135,270
2,150,270
3,150,270
4,150,270
5,150,270
6,150,270
7,150,270
8,150,270
9,150,270
10,150,270
11,150,270
12,150,270
13,150,270
14,150,270
15,150,270
16,150,270
17,150,270
18,150,270
19,150,270
20,150,270
2,165,270
3,165,270
4,165,270
5,165,270
6,165,270
7,165,270
8,165,270
9,165,270
10,165,270
11,165,270
12,165,270
13,165,270
14,165,270
15,165,270
16,165,270
17,165,270
18,165,270
19,165,270
20,165,270
2,180,270
3,180,270
4,180,270
5,180,270
6,180,270
7,180,270
8,180,270
9,180,270
10,180,270
11,180,270
12,180,270
13,180,270
14,180,270
15,180,270
16,180,270
17,180,270
18,180,270
19,180,270
20,180,270
2,195,270
3,195,270
4,195,270
5,195,270
6,195,270
7,195,270
8,195,270
9,195,270
10,195,270
11,195,270
12,195,270
13,195,270
14,195,270
15,195,270
16,195,270
17,195,270
18,195,270
19,195,270
20,195,270
2,210,270
3,210,270
4,210,270
5,210,270
6,210,270
7,210,270
8,210,270
9,210,270
10,210,270
11,210,270
12,210,270
13,210,270
14,210,270
15,210,270
16,210,270
17,210,270
18,210,270
19,210,270
20,210,270
2,225,270
3,225,270
4,225,270
5,225,270
6,225,270
7,225,270
8,225,270
9,225,270
10,225,270
11,225,270
12,225,270
13,225,270
14,225,270
15,225,270
16,225,270
17,225,270
18,225,270
19,225,270
20,225,270
2,240,270
3,240,270
4,240,270
5,240,270
6,240,270
7,240,270
8,240,270
9,240,270
10,240,270
11,240,270
12,240,270
13,240,270
14,240,270
15,240,270
16,240,270
17,240,270
18,240,270
19,240,270
20,240,270
2,255,270
3,255,270
4,255,270
5,255,270
6,255,270
7,255,270
8,255,270
9,255,270
10,255,270
11,255,270
12,255,270
13,255,270
14,255,270
15,255,270
16,255,270
17,255,270
18,255,270
19,255,270
20,255,270
2,270,270
3,270,270
4,270,270
5,270,270
6,270,270
7,270,270
8,270,270
9,270,270
10,270,270
11,270,270
12,270,270
13,270,270
14,270,270
15,270,270
16,270,270
17,270,270
18,270,270
19,270,270
20,270,270
2,285,270
3,285,270
4,285,270
5,285,270
6,285,270
7,285,270
8,285,270
9,285,270
10,285,270
11,285,270
12,285,270
13,285,270
14,285,270
15,285,270
16,285,270
17,285,270
18,285,270
19,285,270
20,285,270
2,300,270
3,300,270
4,300,270
5,300,270
6,300,270
7,300,270
8,300,270
9,300,270
10,300,270
11,300,270
12,300,270
13,300,270
14,300,270
15,300,270
16,300,270
17,300,270
18,300,270
19,300,270
20,300,270
2,15,285
3,15,285
4,15,285
5,15,285
6,15,285
7,15,285
8,15,285
9,15,285
10,15,285
11,15,285
12,15,285
13,15,285
14,15,285
15,15,285
16,15,285
17,15,285
18,15,285
19,15,285
20,15,285
2,30,285
3,30,285
4,30,285
5,30,285
6,30,285
7,30,285
8,30,285
9,30,285
10,30,285
11,30,285
12,30,285
13,30,285
14,30,285
15,30,285
16,30,285
17,30,285
18,30,285
19,30,285
20,30,285
2,45,285
3,45,285
4,45,285
5,45,285
6,45,285
7,45,285
8,45,285
9,45,285
10,45,285
11,45,285
12,45,285
13,45,285
14,45,285
15,45,285
16,45,285
17,45,285
18,45,285
19,45,285
20,45,285
2,60,285
3,60,285
4,60,285
5,60,285
6,60,285
7,60,285
8,60,285
9,60,285
10,60,285
11,60,285
12,60,285
13,60,285
14,60,285
15,60,285
16,60,285
17,60,285
18,60,285
19,60,285
20,60,285
2,75,285
3,75,285
4,75,285
5,75,285
6,75,285
7,75,285
8,75,285
9,75,285
10,75,285
11,75,285
12,75,285
13,75,285
14,75,285
15,75,285
16,75,285
17,75,285
18,75,285
19,75,285
20,75,285
2,90,285
3,90,285
4,90,285
5,90,285
6,90,285
7,90,285
8,90,285
9,90,285
10,90,285
11,90,285
12,90,285
13,90,285
14,90,285
15,90,285
16,90,285
17,90,285
18,90,285
19,90,285
20,90,285
2,105,285
3,105,285
4,105,285
5,105,285
6,105,285
7,105,285
8,105,285
9,105,285
10,105,285
11,105,285
12,105,285
13,105,285
14,105,285
15,105,285
16,105,285
17,105,285
18,105,285
19,105,285
20,105,285
2,120,285
3,120,285
4,120,285
5,120,285
6,120,285
7,120,285
8,120,285
9,120,285
10,120,285
11,120,285
12,120,285
13,120,285
14,120,285
15,120,285
16,120,285
17,120,285
18,120,285
19,120,285
20,120,285
2,135,285
3,135,285
4,135,285
5,135,285
6,135,285
7,135,285
8,135,285
9,135,285
10,135,285
11,135,285
12,135,285
13,135,285
14,135,285
15,135,285
16,135,285
17,135,285
18,135,285
19,135,285
20,135,285
2,150,285
3,150,285
4,150,285
5,150,285
6,150,285
7,150,285
8,150,285
9,150,285
10,150,285
11,150,285
12,150,285
13,150,285
14,150,285
15,150,285
16,150,285
17,150,285
18,150,285
19,150,285
20,150,285
2,165,285
3,165,285
4,165,285
5,165,285
6,165,285
7,165,285
8,165,285
9,165,285
10,165,285
11,165,285
12,165,285
13,165,285
14,165,285
15,165,285
16,165,285
17,165,285
18,165,285
19,165,285
20,165,285
2,180,285
3,180,285
4,180,285
5,180,285
6,180,285
7,180,285
8,180,285
9,180,285
10,180,285
11,180,285
12,180,285
13,180,285
14,180,285
15,180,285
16,180,285
17,180,285
18,180,285
19,180,285
20,180,285
2,195,285
3,195,285
4,195,285
5,195,285
6,195,285
7,195,285
8,195,285
9,195,285
10,195,285
11,195,285
12,195,285
13,195,285
14,195,285
15,195,285
16,195,285
17,195,285
18,195,285
19,195,285
20,195,285
2,210,285
3,210,285
4,210,285
5,210,285
6,210,285
7,210,285
8,210,285
9,210,285
10,210,285
11,210,285
12,210,285
13,210,285
14,210,285
15,210,285
16,210,285
17,210,285
18,210,285
19,210,285
20,210,285
2,225,285
3,225,285
4,225,285
5,225,285
6,225,285
7,225,285
8,225,285
9,225,285
10,225,285
11,225,285
12,225,285
13,225,285
14,225,285
15,225,285
16,225,285
17,225,285
18,225,285
19,225,285
20,225,285
2,240,285
3,240,285
4,240,285
5,240,285
6,240,285
7,240,285
8,240,285
9,240,285
10,240,285
11,240,285
12,240,285
13,240,285
14,240,285
15,240,285
16,240,285
17,240,285
18,240,285
19,240,285
20,240,285
2,255,285
3,255,285
4,255,285
5,255,285
6,255,285
7,255,285
8,255,285
9,255,285
10,255,285
11,255,285
12,255,285
13,255,285
14,255,285
15,255,285
16,255,285
17,255,285
18,255,285
19,255,285
20,255,285
2,270,285
3,270,285
4,270,285
5,270,285
6,270,285
7,270,285
8,270,285
9,270,285
10,270,285
11,270,285
12,270,285
13,270,285
14,270,285
15,270,285
16,270,285
17,270,285
18,270,285
19,270,285
20,270,285
2,285,285
3,285,285
4,285,285
5,285,285
6,285,285
7,285,285
8,285,285
9,285,285
10,285,285
11,285,285
12,285,285
13,285,285
14,285,285
15,285,285
16,285,285
17,285,285
18,285,285
19,285,285
20,285,285
2,300,285
3,300,285
4,300,285
5,300,285
6,300,285
7,300,285
8,300,285
9,300,285
10,300,285
11,300,285
12,300,285
13,300,285
14,300,285
15,300,285
16,300,285
17,300,285
18,300,285
19,300,285
20,300,285
2,15,300
3,15,300
4,15,300
5,15,300
6,15,300
7,15,300
8,15,300
9,15,300
10,15,300
11,15,300
12,15,300
13,15,300
14,15,300
15,15,300
16,15,300
17,15,300
18,15,300
19,15,300
20,15,300
2,30,300
3,30,300
4,30,300
5,30,300
6,30,300
7,30,300
8,30,300
9,30,300
10,30,300
11,30,300
12,30,300
13,30,300
14,30,300
15,30,300
16,30,300
17,30,300
18,30,300
19,30,300
20,30,300
2,45,300
3,45,300
4,45,300
5,45,300
6,45,300
7,45,300
8,45,300
9,45,300
10,45,300
11,45,300
12,45,300
13,45,300
14,45,300
15,45,300
16,45,300
17,45,300
18,45,300
19,45,300
20,45,300
2,60,300
3,60,300
4,60,300
5,60,300
6,60,300
7,60,300
8,60,300
9,60,300
10,60,300
11,60,300
12,60,300
13,60,300
14,60,300
15,60,300
16,60,300
17,60,300
18,60,300
19,60,300
20,60,300
2,75,300
3,75,300
4,75,300
5,75,300
6,75,300
7,75,300
8,75,300
9,75,300
10,75,300
11,75,300
12,75,300
13,75,300
14,75,300
15,75,300
16,75,300
17,75,300
18,75,300
19,75,300
20,75,300
2,90,300
3,90,300
4,90,300
5,90,300
6,90,300
7,90,300
8,90,300
9,90,300
10,90,300
11,90,300
12,90,300
13,90,300
14,90,300
15,90,300
16,90,300
17,90,300
18,90,300
19,90,300
20,90,300
2,105,300
3,105,300
4,105,300
5,105,300
6,105,300
7,105,300
8,105,300
9,105,300
10,105,300
11,105,300
12,105,300
13,105,300
14,105,300
15,105,300
16,105,300
17,105,300
18,105,300
19,105,300
20,105,300
2,120,300
3,120,300
4,120,300
5,120,300
6,120,300
7,120,300
8,120,300
9,120,300
10,120,300
11,120,300
12,120,300
13,120,300
14,120,300
15,120,300
16,120,300
17,120,300
18,120,300
19,120,300
20,120,300
2,135,300
3,135,300
4,135,300
5,135,300
6,135,300
7,135,300
8,135,300
9,135,300
10,135,300
11,135,300
12,135,300
13,135,300
14,135,300
15,135,300
16,135,300
17,135,300
18,135,300
19,135,300
20,135,300
2,150,300
3,150,300
4,150,300
5,150,300
6,150,300
7,150,300
8,150,300
9,150,300
10,150,300
11,150,300
12,150,300
13,150,300
14,150,300
15,150,300
16,150,300
17,150,300
18,150,300
19,150,300
20,150,300
2,165,300
3,165,300
4,165,300
5,165,300
6,165,300
7,165,300
8,165,300
9,165,300
10,165,300
11,165,300
12,165,300
13,165,300
14,165,300
15,165,300
16,165,300
17,165,300
18,165,300
19,165,300
20,165,300
2,180,300
3,180,300
4,180,300
5,180,300
6,180,300
7,180,300
8,180,300
9,180,300
10,180,300
11,180,300
12,180,300
13,180,300
14,180,300
15,180,300
16,180,300
17,180,300
18,180,300
19,180,300
20,180,300
2,195,300
3,195,300
4,195,300
5,195,300
6,195,300
7,195,300
8,195,300
9,195,300
10,195,300
11,195,300
12,195,300
13,195,300
14,195,300
15,195,300
16,195,300
17,195,300
18,195,300
19,195,300
20,195,300
2,210,300
3,210,300
4,210,300
5,210,300
6,210,300
7,210,300
8,210,300
9,210,300
10,210,300
11,210,300
12,210,300
13,210,300
14,210,300
15,210,300
16,210,300
17,210,300
18,210,300
19,210,300
20,210,300
2,225,300
3,225,300
4,225,300
5,225,300
6,225,300
7,225,300
8,225,300
9,225,300
10,225,300
11,225,300
12,225,300
13,225,300
14,225,300
15,225,300
16,225,300
17,225,300
18,225,300
19,225,300
20,225,300
2,240,300
3,240,300
4,240,300
5,240,300
6,240,300
7,240,300
8,240,300
9,240,300
10,240,300
11,240,300
12,240,300
13,240,300
14,240,300
15,240,300
16,240,300
17,240,300
18,240,300
19,240,300
20,240,300
2,255,300
3,255,300
4,255,300
5,255,300
6,255,300
7,255,300
8,255,300
9,255,300
10,255,300
11,255,300
12,255,300
13,255,300
14,255,300
15,255,300
16,255,300
17,255,300
18,255,300
19,255,300
20,255,300
2,270,300
3,270,300
4,270,300
5,270,300
6,270,300
7,270,300
8,270,300
9,270,300
10,270,300
11,270,300
12,270,300
13,270,300
14,270,300
15,270,300
16,270,300
17,270,300
18,270,300
19,270,300
20,270,300
2,285,300
3,285,300
4,285,300
5,285,300
6,285,300
7,285,300
8,285,300
9,285,300
10,285,300
11,285,300
12,285,300
13,285,300
14,285,300
15,285,300
16,285,300
17,285,300
18,285,300
19,285,300
20,285,300
2,300,300
3,300,300
4,300,300
5,300,300
6,300,300
7,300,300
8,300,300
9,300,300
10,300,300
11,300,300
12,300,300
13,300,300
14,300,300
15,300,300
16,300,300
17,300,300
18,300,300
19,300,300
20,300,300
