"","Nrep","intensity","rest","interval_duration","niveau_endurance","PAM","rest_power","duration","PC","DR","power_cogganEXP"
"1...1",2,95,420,15,"elevee",320,160,450,309.478929446644,1,1122.38362388966
"1...2",3,90,300,15,"elevee",320,160,645,300.130621357243,1,769.398384682854
"1...3",5,85,240,15,"elevee",320,160,1035,287.854225245014,1,631.92882477029
"1...4",7,82.5,180,15,"elevee",320,160,1185,284.342664173628,1,557.80190348665
"1...5",9,80,120,15,"elevee",320,160,1095,286.393466416298,1,498.612438596474
"1...6",12,77.5,120,15,"elevee",320,160,1500,278.222297800092,1,478.96812642191
"1...7",15,75,120,15,"elevee",320,160,1905,272.014382715317,1,464.534072125792
"1...8",18,72.5,60,15,"elevee",320,160,1290,282.136604537714,1,413.551996072274
"1...9",21,70,60,15,"elevee",320,160,1515,277.961404417308,1,406.230453285884
"1...10",2,95,420,30,"elevee",320,160,480,307.80179043491,1,628.765736724192
"1...11",3,90,300,30,"elevee",320,160,690,298.382213065475,1,547.702065549465
"1...12",5,85,240,30,"elevee",320,160,1110,286.036346641352,1,489.956660039216
"1...13",7,82.5,180,30,"elevee",320,160,1290,282.136604537714,1,449.289623832663
"1...14",9,80,120,30,"elevee",320,160,1230,283.375278972852,1,413.513238490244
"1...15",12,77.5,120,30,"elevee",320,160,1680,275.28084719247,1,400.024806941615
"1...16",15,75,120,30,"elevee",320,160,2130,269.117923258309,1,389.732251342876
"1...17",18,72.5,60,30,"elevee",320,160,1560,277.203925043939,1,356.206290410208
"1...18",21,70,60,30,"elevee",320,160,1830,273.057861620493,1,350.419368285542
"1...19",2,95,420,45,"elevee",320,160,510,306.228259762716,1,513.460005649043
"1...20",3,90,300,45,"elevee",320,160,735,296.74127161276,1,471.308011085881
"1...21",5,85,240,45,"elevee",320,160,1185,284.342664173628,1,433.697908265159
"1...22",7,82.5,180,45,"elevee",320,160,1395,280.10471439656,1,403.67117280066
"1...23",9,80,120,45,"elevee",320,160,1365,280.671563764105,1,376.124591389713
"1...24",12,77.5,120,45,"elevee",320,160,1860,272.639158162689,1,364.93656349135
"1...25",15,75,120,45,"elevee",320,160,2355,266.513881521535,1,356.228937467144
"1...26",18,72.5,60,45,"elevee",320,160,1830,273.057861620493,1,329.74982335244
"1...27",21,70,60,45,"elevee",320,160,2145,268.934947821747,1,324.583118583214
"1...28",2,95,420,60,"elevee",320,160,540,304.744742548818,1,463.974995832709
"1...29",3,90,300,60,"elevee",320,160,780,295.197957163228,1,433.122628631606
"1...30",5,85,240,60,"elevee",320,160,1260,282.748851176078,1,402.905722525316
"1...31",7,82.5,180,60,"elevee",320,160,1500,278.222297800092,1,377.671935332255
"1...32",9,80,120,60,"elevee",320,160,1500,278.222297800092,1,354.270830444485
"1...33",12,77.5,120,60,"elevee",320,160,2040,270.240180399247,1,344.12066316284
"1...34",15,75,120,60,"elevee",320,160,2580,264.142586358712,1,336.16035324775
"1...35",18,72.5,60,60,"elevee",320,160,2100,269.488983634775,1,313.735698729078
"1...36",21,70,60,60,"elevee",320,160,2460,265.381206563245,1,308.866481598435
"1...37",2,95,420,75,"elevee",320,160,570,303.341788319281,1,434.48650595961
"1...38",3,90,300,75,"elevee",320,160,825,293.742545243547,1,408.927063349916
"1...39",5,85,240,75,"elevee",320,160,1335,281.247776174713,1,382.559722774586
"1...40",7,82.5,180,75,"elevee",320,160,1605,276.467363553537,1,360.147881739688
"1...41",9,80,120,75,"elevee",320,160,1635,275.982160481619,1,339.360649306104
"1...42",12,77.5,120,75,"elevee",320,160,2220,268.042351242529,1,329.800496926627
"1...43",15,75,120,75,"elevee",320,160,2805,261.970193877274,1,322.281366327468
"1...44",18,72.5,60,75,"elevee",320,160,2370,266.348599174619,1,302.583354015217
"1...45",21,70,60,75,"elevee",320,160,2775,262.252383606104,1,297.88932205125
"1...46",2,95,420,90,"elevee",320,160,600,302.006012859709,1,414.213288501787
"1...47",3,90,300,90,"elevee",320,160,870,292.364555298251,1,391.728836374541
"1...48",5,85,240,90,"elevee",320,160,1410,279.828042872639,1,367.736235318013
"1...49",7,82.5,180,90,"elevee",320,160,1710,274.820359888373,1,347.22523871041
"1...50",9,80,120,90,"elevee",320,160,1770,273.923610747277,1,328.294460227262
"1...51",12,77.5,120,90,"elevee",320,160,2400,266.018034480786,1,319.111514715851
"1...52",15,75,120,90,"elevee",320,160,3030,259.967198830732,1,311.882820060052
"1...53",18,72.5,60,90,"elevee",320,160,2640,263.548221244203,1,294.177612009812
"1...54",21,70,60,90,"elevee",320,160,3090,259.46232732268,1,289.600362838309
"1...55",2,95,420,105,"elevee",320,160,630,300.743007139339,1,399.124759441716
"1...56",3,90,300,105,"elevee",320,160,915,291.05186054432,1,378.635911799023
"1...57",5,85,240,105,"elevee",320,160,1485,278.484706921965,1,356.273052158505
"1...58",7,82.5,180,105,"elevee",320,160,1815,273.274298902189,1,337.152293316803
"1...59",9,80,120,105,"elevee",320,160,1905,272.014382715317,1,319.618963338799
"1...60",12,77.5,120,105,"elevee",320,160,2580,264.142586358712,1,310.703353995103
"1...61",15,75,120,105,"elevee",320,160,3255,258.108925270859,1,303.679161826054
"1...62",18,72.5,60,105,"elevee",320,160,2910,261.015909851762,1,287.499537576796
"1...63",21,70,60,105,"elevee",320,160,3405,256.938629435476,1,283.005386193831
"1...64",2,95,420,120,"elevee",320,160,660,299.536440638896,1,387.287870794096
"1...65",3,90,300,120,"elevee",320,160,960,289.807621115155,1,368.218162051835
"1...66",5,85,240,120,"elevee",320,160,1560,277.203925043939,1,347.031907345173
"1...67",7,82.5,180,120,"elevee",320,160,1920,271.813450470577,1,328.986173756759
"1...68",9,80,120,120,"elevee",320,160,2040,270.240180399247,1,312.563431800134
"1...69",12,77.5,120,120,"elevee",320,160,2760,262.394063748705,1,303.839885264429
"1...70",15,75,120,120,"elevee",320,160,3480,256.376414004818,1,296.969474505529
"1...71",18,72.5,60,120,"elevee",320,160,3180,258.716166854189,1,282.010463051384
"1...72",21,70,60,120,"elevee",320,160,3720,254.645025795557,1,277.577232073002
"1...73",2,95,420,135,"elevee",320,160,690,298.382213065475,1,377.660246995265
"1...74",3,90,300,135,"elevee",320,160,1005,288.619941188039,1,359.65028792546
"1...75",5,85,240,135,"elevee",320,160,1635,275.982160481619,1,339.360649306104
"1...76",7,82.5,180,135,"elevee",320,160,2025,270.432996793278,1,322.180609691589
"1...77",9,80,120,135,"elevee",320,160,2175,268.57790919006,1,306.657234228135
"1...78",12,77.5,120,135,"elevee",320,160,2940,260.752959146969,1,298.078629578598
"1...79",15,75,120,135,"elevee",320,160,3705,254.749131376976,1,291.32708381604
"1...80",18,72.5,60,135,"elevee",320,160,3450,256.601300177081,1,277.365811695234
"1...81",21,70,60,135,"elevee",320,160,4035,252.535297560818,1,272.9797159336
"1...82",2,95,420,150,"elevee",320,160,720,297.276663787769,1,369.617676259911
"1...83",3,90,300,150,"elevee",320,160,1050,287.483080538602,1,352.42918522617
"1...84",5,85,240,150,"elevee",320,160,1710,274.820359888373,1,332.855581451226
"1...85",7,82.5,180,150,"elevee",320,160,2130,269.117923258309,1,316.376389206369
"1...86",9,80,120,150,"elevee",320,160,2310,267.01011062575,1,301.601063598227
"1...87",12,77.5,120,150,"elevee",320,160,3120,259.209891568654,1,293.143490076811
"1...88",15,75,120,150,"elevee",320,160,3930,253.218248857277,1,286.486680350397
"1...89",18,72.5,60,150,"elevee",320,160,3720,254.645025795557,1,273.354912158449
"1...90",21,70,60,150,"elevee",320,160,4350,250.583790739663,1,269.006814766511
"1...91",2,95,420,165,"elevee",320,160,750,296.21633409491,1,362.759501190477
"1...92",3,90,300,165,"elevee",320,160,1095,286.393466416298,1,346.227184235118
"1...93",5,85,240,165,"elevee",320,160,1785,273.707173465581,1,327.233962153571
"1...94",7,82.5,180,165,"elevee",320,160,2235,267.868977488141,1,311.348278948227
"1...95",9,80,120,165,"elevee",320,160,2445,265.540243169489,1,297.21399695937
"1...96",12,77.5,120,165,"elevee",320,160,3300,257.754232199044,1,288.845347978476
"1...97",15,75,120,165,"elevee",320,160,4155,251.773117438932,1,282.265462670266
"1...98",18,72.5,60,165,"elevee",320,160,3990,252.824456435463,1,269.833260932417
"1...99",21,70,60,165,"elevee",320,160,4665,248.767644807468,1,265.516520340769
"1...100",2,95,420,180,"elevee",320,160,780,295.197957163228,1,356.814693707597
"1...101",3,90,300,180,"elevee",320,160,1140,285.347723519279,1,340.819096876
"1...102",5,85,240,180,"elevee",320,160,1860,272.639158162689,1,322.306277708251
"1...103",7,82.5,180,180,"elevee",320,160,2340,266.679163868451,1,306.930584575
"1...104",9,80,120,180,"elevee",320,160,2580,264.142586358712,1,293.338057251918
"1...105",12,77.5,120,180,"elevee",320,160,3480,256.376414004818,1,285.050539794394
"1...106",15,75,120,180,"elevee",320,160,4380,250.405311986231,1,278.535263346544
"1...107",18,72.5,60,180,"elevee",320,160,4260,251.123909323989,1,266.702012717927
"1...108",21,70,60,180,"elevee",320,160,4980,247.069131865568,1,262.409396618869
"1...109",2,95,420,195,"elevee",320,160,810,294.218448492949,1,351.592177651832
"1...110",3,90,300,195,"elevee",320,160,1185,284.342664173628,1,336.044117619931
"1...111",5,85,240,195,"elevee",320,160,1935,271.613061724352,1,317.935805406692
"1...112",7,82.5,180,195,"elevee",320,160,2445,265.540243169489,1,303.000660243759
"1...113",9,80,120,195,"elevee",320,160,2715,262.81910417651,1,289.884111043329
"1...114",12,77.5,120,195,"elevee",320,160,3660,255.063861333127,1,281.656796463203
"1...115",15,75,120,195,"elevee",320,160,4605,249.101988359591,1,275.196325217281
"1...116",18,72.5,60,195,"elevee",320,160,4530,249.531324216721,1,263.890178115737
"1...117",21,70,60,195,"elevee",320,160,5295,245.480504140377,1,259.620249122654
"1...118",2,95,420,210,"elevee",320,160,840,293.274896793659,1,346.952662846093
"1...119",3,90,300,210,"elevee",320,160,1230,283.375278972852,1,331.78376923874
"1...120",5,85,240,210,"elevee",320,160,2010,270.625813187308,1,314.020940208686
"1...121",7,82.5,180,210,"elevee",320,160,2550,264.448640121836,1,299.471127695764
"1...122",9,80,120,210,"elevee",320,160,2850,261.561215009197,1,286.77504777434
"1...123",12,77.5,120,210,"elevee",320,160,3840,253.819278501478,1,278.602538202291
"1...124",15,75,120,210,"elevee",320,160,4830,247.864134218635,1,272.187147926347
"1...125",18,72.5,60,210,"elevee",320,160,4800,248.024043242776,1,261.331212674669
"1...126",21,70,60,210,"elevee",320,160,5610,243.975986293594,1,257.07993150407
"1...127",2,95,420,225,"elevee",320,160,870,292.364555298251,1,342.791764273645
"1...128",3,90,300,225,"elevee",320,160,1275,282.442727856896,1,327.948459536361
"1...129",5,85,240,225,"elevee",320,160,2085,269.674513823008,1,310.484278081816
"1...130",7,82.5,180,225,"elevee",320,160,2655,263.40097698998,1,296.275189436417
"1...131",9,80,120,225,"elevee",320,160,2985,260.359434899412,1,283.949559662646
"1...132",12,77.5,120,225,"elevee",320,160,4020,252.631683852366,1,275.826485476349
"1...133",15,75,120,225,"elevee",320,160,5055,246.684039210568,1,269.451621726096
"1...134",18,72.5,60,225,"elevee",320,160,5070,246.607543154851,1,258.999603804132
"1...135",21,70,60,225,"elevee",320,160,5925,242.562083506142,1,254.764620213712
"1...136",2,95,420,240,"elevee",320,160,900,291.48483348601,1,339.029415024994
"1...137",3,90,300,240,"elevee",320,160,1320,281.54233161081,1,324.468930954752
"1...138",5,85,240,240,"elevee",320,160,2160,268.756428505903,1,307.26559513708
"1...139",7,82.5,180,240,"elevee",320,160,2760,262.394063748705,1,293.360704834509
"1...140",9,80,120,240,"elevee",320,160,3120,259.209891568654,1,281.364526747657
"1...141",12,77.5,120,240,"elevee",320,160,4200,251.494885389671,1,273.284224756965
"1...142",15,75,120,240,"elevee",320,160,5280,245.554109539377,1,266.944808463248
"1...143",18,72.5,60,240,"elevee",320,160,5340,245.259687943377,1,256.847787207991
"1...144",21,70,60,240,"elevee",320,160,6240,241.215856737679,1,252.626312206963
"1...145",2,95,420,255,"elevee",320,160,930,290.633289196298,1,335.602970404747
"1...146",3,90,300,255,"elevee",320,160,1365,280.671563764105,1,321.29062485376
"1...147",5,85,240,255,"elevee",320,160,2235,267.868977488141,1,304.317176214933
"1...148",7,82.5,180,255,"elevee",320,160,2865,261.424888719838,1,290.68623309069
"1...149",9,80,120,255,"elevee",320,160,3255,258.108925270859,1,278.985587468728
"1...150",12,77.5,120,255,"elevee",320,160,4380,250.405311986231,1,270.942505460154
"1...151",15,75,120,255,"elevee",320,160,5505,244.470811046217,1,264.634318022258
"1...152",18,72.5,60,255,"elevee",320,160,5610,243.975986293594,1,254.85254923475
"1...153",21,70,60,255,"elevee",320,160,6555,239.935322341878,1,250.644782174413
"1...154",2,95,420,270,"elevee",320,160,960,289.807621115155,1,332.46256997391
"1...155",3,90,300,270,"elevee",320,160,1410,279.828042872639,1,318.369852478416
"1...156",5,85,240,270,"elevee",320,160,2310,267.01011062575,1,301.601063598227
"1...157",7,82.5,180,270,"elevee",320,160,2970,260.490609648598,1,288.218314360045
"1...158",9,80,120,270,"elevee",320,160,3390,257.053078259362,1,276.784910258207
"1...159",12,77.5,120,270,"elevee",320,160,4560,249.359589873869,1,268.774358909981
"1...160",15,75,120,270,"elevee",320,160,5730,243.430805038112,1,262.493851277874
"1...161",18,72.5,60,270,"elevee",320,160,5880,242.758800922455,1,253.00185615501
"1...162",21,70,60,270,"elevee",320,160,6870,238.719593949167,1,248.804796431236
"1...163",2,95,420,285,"elevee",320,160,990,289.005883962898,1,329.568194406432
"1...164",3,90,300,285,"elevee",320,160,1455,279.009899241317,1,315.671563517428
"1...165",5,85,240,285,"elevee",320,160,2385,266.183316827702,1,299.092641697378
"1...166",7,82.5,180,285,"elevee",320,160,3075,259.588545199693,1,285.929555306244
"1...167",9,80,120,285,"elevee",320,160,3525,256.039084746422,1,274.739626127331
"1...168",12,77.5,120,285,"elevee",320,160,4740,248.354532827083,1,266.7575983856
"1...169",15,75,120,285,"elevee",320,160,5955,242.430938561933,1,260.501751086349
"1...170",18,72.5,60,285,"elevee",320,160,6150,241.594424332627,1,251.269617486697
"1...171",21,70,60,285,"elevee",320,160,7185,237.556622290613,1,247.082216820985
"1...172",2,95,420,300,"elevee",320,160,1020,288.234220758198,1,326.896483446409
"1...173",3,90,300,300,"elevee",320,160,1500,278.222297800092,1,313.175038778467
"1...174",5,85,240,300,"elevee",320,160,2460,265.381206563245,1,296.759820559385
"1...175",7,82.5,180,300,"elevee",320,160,3180,258.716166854189,1,283.797251826042
"1...176",9,80,120,300,"elevee",320,160,3660,255.063861333127,1,272.83070245127
"1...177",12,77.5,120,300,"elevee",320,160,4920,247.387132806795,1,264.873739458336
"1...178",15,75,120,300,"elevee",320,160,6180,241.468235134311,1,258.63995806781
"1...179",18,72.5,60,300,"elevee",320,160,6420,240.479175546089,1,249.642635339839
"1...180",21,70,60,300,"elevee",320,160,7500,236.442728241238,1,245.464000785687
"1...181",2,95,420,315,"elevee",320,160,1050,287.483080538602,1,324.411024544099
"1...182",3,90,300,315,"elevee",320,160,1545,277.456418168395,1,310.847911568087
"1...183",5,85,240,315,"elevee",320,160,2535,264.601667003398,1,294.580872512981
"1...184",7,82.5,180,315,"elevee",320,160,3285,257.871091188991,1,281.802379207627
"1...185",9,80,120,315,"elevee",320,160,3795,254.124497888464,1,271.042118292348
"1...186",12,77.5,120,315,"elevee",320,160,5100,246.454551043416,1,263.107208116821
"1...187",15,75,120,315,"elevee",320,160,6405,240.539885906933,1,256.89324390237
"1...188",18,72.5,60,315,"elevee",320,160,6690,239.409576372062,1,248.109650225407
"1...189",21,70,60,315,"elevee",320,160,7815,235.374435397586,1,243.939014077238
"1...190",2,95,420,330,"elevee",320,160,1080,286.750586191244,1,322.088883730334
"1...191",3,90,300,330,"elevee",320,160,1590,276.710315389367,1,308.66968604275
"1...192",5,85,240,330,"elevee",320,160,2610,263.842709752648,1,292.537465628541
"1...193",7,82.5,180,330,"elevee",320,160,3390,257.053078259362,1,279.931083469267
"1...194",9,80,120,330,"elevee",320,160,3930,253.218248857277,1,269.360250179658
"1...195",12,77.5,120,330,"elevee",320,160,5280,245.554109539377,1,261.444750096777
"1...196",15,75,120,330,"elevee",320,160,6630,239.643241247535,1,255.248638864292
"1...197",18,72.5,60,330,"elevee",320,160,6960,238.382341337313,1,246.660953420543
"1...198",21,70,60,330,"elevee",320,160,8130,234.348460010339,1,242.497650107898
"1...199",2,95,420,345,"elevee",320,160,1110,286.036346641352,1,319.912270624054
"1...200",3,90,300,345,"elevee",320,160,1635,275.982160481619,1,306.622978356456
"1...201",5,85,240,345,"elevee",320,160,2685,263.106488481535,1,290.61858305798
"1...202",7,82.5,180,345,"elevee",320,160,3495,256.263970918686,1,278.174003881129
"1...203",9,80,120,345,"elevee",320,160,4065,252.342524977721,1,267.773407557285
"1...204",12,77.5,120,345,"elevee",320,160,5460,244.683282972166,1,259.874983525671
"1...205",15,75,120,345,"elevee",320,160,6855,238.77580271781,1,253.694997850944
"1...206",18,72.5,60,345,"elevee",320,160,7230,237.394368087919,1,245.288094333953
"1...207",21,70,60,345,"elevee",320,160,8445,233.361701388324,1,241.131542444234
"1...208",2,95,420,360,"elevee",320,160,1140,285.347723519279,1,317.875013528751
"1...209",3,90,300,360,"elevee",320,160,1680,275.28084719247,1,304.705029794601
"1...210",5,85,240,360,"elevee",320,160,2760,262.394063748705,1,288.81397479886
"1...211",7,82.5,180,360,"elevee",320,160,3600,255.496637540574,1,276.513534521014
"1...212",9,80,120,360,"elevee",320,160,4200,251.494885389671,1,266.271476485035
"1...213",12,77.5,120,360,"elevee",320,160,5640,243.839690979724,1,258.388055375251
"1...214",15,75,120,360,"elevee",320,160,7080,237.935215430231,1,252.222666823644
"1...215",18,72.5,60,360,"elevee",320,160,7500,236.442728241238,1,243.983656307843
"1...216",21,70,60,360,"elevee",320,160,8760,232.411232752648,1,239.833344431015
"1...217",2,90,300,15,"elevee",320,160,330,317.530548328156,1,978.976074632041
"1...218",4,85,240,15,"elevee",320,160,780,295.197957163228,1,664.591589605149
"1...219",6,82.5,180,15,"elevee",320,160,990,289.005883962898,1,572.806389591472
"1...220",8,80,120,15,"elevee",320,160,960,289.807621115155,1,507.114091806543
"1...221",10,77.5,120,15,"elevee",320,160,1230,283.375278972852,1,491.253660808268
"1...222",13,75,120,15,"elevee",320,160,1635,275.982160481619,1,473.719262699646
"1...223",16,72.5,60,15,"elevee",320,160,1140,285.347723519279,1,419.226930904694
"1...224",19,70,60,15,"elevee",320,160,1365,280.671563764105,1,410.975930598077
"1...225",1,95,420,30,"elevee",320,160,30,591.705921640623,1,591.705921640623
"1...226",2,90,300,30,"elevee",320,160,360,315.270712438206,1,584.121797563404
"1...227",4,85,240,30,"elevee",320,160,840,293.274896793659,1,504.997400753594
"1...228",6,82.5,180,30,"elevee",320,160,1080,286.750586191244,1,458.004077441488
"1...229",8,80,120,30,"elevee",320,160,1080,286.750586191244,1,419.12470601975
"1...230",10,77.5,120,30,"elevee",320,160,1380,280.388139080333,1,408.540178960045
"1...231",13,75,120,30,"elevee",320,160,1830,273.057861620493,1,396.314156864775
"1...232",16,72.5,60,30,"elevee",320,160,1380,280.388139080333,1,360.648161521248
"1...233",19,70,60,30,"elevee",320,160,1650,275.748389385236,1,354.175108828836
"1...234",1,95,420,45,"elevee",320,160,45,543.860667384306,1,543.860667384306
"1...235",2,90,300,45,"elevee",320,160,390,313.191987926211,1,485.804220800361
"1...236",4,85,240,45,"elevee",320,160,900,291.48483348601,1,443.841942169345
"1...237",6,82.5,180,45,"elevee",320,160,1170,284.673303994055,1,410.297775487007
"1...238",8,80,120,45,"elevee",320,160,1200,284.012024353201,1,380.67808798522
"1...239",10,77.5,120,45,"elevee",320,160,1530,277.708911292851,1,372.033590500754
"1...240",13,75,120,45,"elevee",320,160,2025,270.432996793278,1,361.815371424317
"1...241",16,72.5,60,45,"elevee",320,160,1620,276.224411717706,1,333.698329723043
"1...242",19,70,60,45,"elevee",320,160,1935,271.613061724352,1,327.942459398038
"1...243",1,95,420,60,"elevee",320,160,60,509.914007488792,1,509.914007488792
"1...244",2,90,300,60,"elevee",320,160,420,311.268945042516,1,442.625615677941
"1...245",4,85,240,60,"elevee",320,160,960,289.807621115155,1,411.299505463804
"1...246",6,82.5,180,60,"elevee",320,160,1260,282.748851176078,1,383.443087460276
"1...247",8,80,120,60,"elevee",320,160,1320,281.54233161081,1,358.378087873639
"1...248",10,77.5,120,60,"elevee",320,160,1680,275.28084719247,1,350.571963776189
"1...249",13,75,120,60,"elevee",320,160,2220,268.042351242529,1,341.268988685952
"1...250",16,72.5,60,60,"elevee",320,160,1860,272.639158162689,1,317.446845784727
"1...251",19,70,60,60,"elevee",320,160,2220,268.042351242529,1,312.024367960861
"1...252",1,95,420,75,"elevee",320,160,75,483.583764687578,1,483.583764687578
"1...253",2,90,300,75,"elevee",320,160,450,309.478929446644,1,416.654393635909
"1...254",4,85,240,75,"elevee",320,160,1020,288.234220758198,1,390.090177271417
"1...255",6,82.5,180,75,"elevee",320,160,1350,280.954988447877,1,365.456925907121
"1...256",8,80,120,75,"elevee",320,160,1440,279.282613785091,1,343.220452212332
"1...257",10,77.5,120,75,"elevee",320,160,1830,273.057861620493,1,335.881184653594
"1...258",13,75,120,75,"elevee",320,160,2415,265.858316381979,1,327.114064939858
"1...259",16,72.5,60,75,"elevee",320,160,2100,269.488983634775,1,306.159320260228
"1...260",19,70,60,75,"elevee",320,160,2505,264.907720766522,1,300.935672710795
"1...261",1,95,420,90,"elevee",320,160,90,462.069062676251,1,462.069062676251
"1...262",2,90,300,90,"elevee",320,160,480,307.80179043491,1,398.725075545741
"1...263",4,85,240,90,"elevee",320,160,1080,286.750586191244,1,374.767412132022
"1...264",6,82.5,180,90,"elevee",320,160,1440,279.282613785091,1,352.260596273674
"1...265",8,80,120,90,"elevee",320,160,1560,277.203925043939,1,331.994996875824
"1...266",10,77.5,120,90,"elevee",320,160,1980,271.011895485677,1,324.952145286512
"1...267",13,75,120,90,"elevee",320,160,2610,263.842709752648,1,316.530218753501
"1...268",16,72.5,60,90,"elevee",320,160,2340,266.679163868451,1,297.663472620238
"1...269",19,70,60,90,"elevee",320,160,2790,262.110703463502,1,292.570517231502
"1...270",1,95,420,105,"elevee",320,160,105,443.879460847471,1,443.879460847471
"1...271",2,90,300,105,"elevee",320,160,510,306.228259762716,1,385.345170483645
"1...272",4,85,240,105,"elevee",320,160,1140,285.347723519279,1,362.983520798496
"1...273",6,82.5,180,105,"elevee",320,160,1530,277.708911292851,1,341.998171777303
"1...274",8,80,120,105,"elevee",320,160,1680,275.28084719247,1,323.215022040023
"1...275",10,77.5,120,105,"elevee",320,160,2130,269.117923258309,1,316.376389206369
"1...276",13,75,120,105,"elevee",320,160,2805,261.970193877274,1,308.190656819587
"1...277",16,72.5,60,105,"elevee",320,160,2580,264.142586358712,1,290.925784044834
"1...278",19,70,60,105,"elevee",320,160,3075,259.588545199693,1,285.929555306244
"1...279",1,95,420,120,"elevee",320,160,120,428.122761708517,1,428.122761708517
"1...280",2,90,300,120,"elevee",320,160,540,304.744742548818,1,374.838234570578
"1...281",4,85,240,120,"elevee",320,160,1200,284.012024353201,1,353.523150150011
"1...282",6,82.5,180,120,"elevee",320,160,1620,276.224411717706,1,333.698329723043
"1...283",8,80,120,120,"elevee",320,160,1800,273.490736183885,1,316.079727764903
"1...284",10,77.5,120,120,"elevee",320,160,2280,267.353657370707,1,309.389860101056
"1...285",13,75,120,120,"elevee",320,160,3000,260.228260150226,1,301.38263868521
"1...286",16,72.5,60,120,"elevee",320,160,2820,261.833867587915,1,285.386599913101
"1...287",19,70,60,120,"elevee",320,160,3360,257.286796239256,1,280.456925080984
"1...288",1,95,420,135,"elevee",320,160,135,414.224645054717,1,414.224645054717
"1...289",2,90,300,135,"elevee",320,160,570,303.341788319281,1,366.287062908882
"1...290",4,85,240,135,"elevee",320,160,1260,282.748851176078,1,345.707049980627
"1...291",6,82.5,180,135,"elevee",320,160,1710,274.820359888373,1,326.7904472445
"1...292",8,80,120,135,"elevee",320,160,1920,271.813450470577,1,310.112031910209
"1...293",10,77.5,120,135,"elevee",320,160,2430,265.699279775734,1,303.534962382801
"1...294",13,75,120,135,"elevee",320,160,3195,258.594718537523,1,295.66636721416
"1...295",16,72.5,60,135,"elevee",320,160,3060,259.714763076706,1,280.706812965895
"1...296",19,70,60,135,"elevee",320,160,3645,255.172055384989,1,275.826760385591
"1...297",1,95,420,150,"elevee",320,160,150,401.792066327416,1,401.792066327416
"1...298",2,90,300,150,"elevee",320,160,600,302.006012859709,1,359.133298001585
"1...299",4,85,240,150,"elevee",320,160,1320,281.54233161081,1,339.088063965529
"1...300",6,82.5,180,150,"elevee",320,160,1800,273.490736183885,1,320.915725548683
"1...301",8,80,120,150,"elevee",320,160,2040,270.240180399247,1,305.016943093962
"1...302",10,77.5,120,150,"elevee",320,160,2580,264.142586358712,1,298.523679329519
"1...303",13,75,120,150,"elevee",320,160,3390,257.053078259362,1,290.760961243907
"1...304",16,72.5,60,150,"elevee",320,160,3300,257.754232199044,1,276.66732993805
"1...305",19,70,60,150,"elevee",320,160,3930,253.218248857277,1,271.829906411674
"1...306",1,95,420,165,"elevee",320,160,165,390.545816785215,1,390.545816785215
"1...307",2,90,300,165,"elevee",320,160,630,300.743007139339,1,353.037701914431
"1...308",4,85,240,165,"elevee",320,160,1380,280.388139080333,1,333.380502668761
"1...309",6,82.5,180,165,"elevee",320,160,1890,272.222641197774,1,315.825320674774
"1...310",8,80,120,165,"elevee",320,160,2160,268.756428505903,1,300.588814286669
"1...311",10,77.5,120,165,"elevee",320,160,2730,262.677424033908,1,294.166874198029
"1...312",13,75,120,165,"elevee",320,160,3585,255.604831592436,1,286.493962003221
"1...313",16,72.5,60,165,"elevee",320,160,3540,255.929413748021,1,273.121794512123
"1...314",19,70,60,165,"elevee",320,160,4215,251.40214137325,1,268.322276062199
"1...315",1,95,420,180,"elevee",320,160,180,380.27827354314,1,380.27827354314
"1...316",2,90,300,180,"elevee",320,160,660,299.536440638896,1,347.747020504184
"1...317",4,85,240,180,"elevee",320,160,1440,279.282613785091,1,328.386873852485
"1...318",6,82.5,180,180,"elevee",320,160,1980,271.011895485677,1,311.353101333239
"1...319",8,80,120,180,"elevee",320,160,2280,267.353657370707,1,296.687510812556
"1...320",10,77.5,120,180,"elevee",320,160,2880,261.288562430479,1,290.32082169701
"1...321",13,75,120,180,"elevee",320,160,3780,254.228603469883,1,282.719346110047
"1...322",16,72.5,60,180,"elevee",320,160,3780,254.228603469883,1,269.974435149135
"1...323",19,70,60,180,"elevee",320,160,4500,249.703058559573,1,265.200147103183
"1...324",1,95,420,195,"elevee",320,160,195,370.832974733202,1,370.832974733202
"1...325",2,90,300,195,"elevee",320,160,690,298.382213065475,1,343.093357696329
"1...326",4,85,240,195,"elevee",320,160,1500,278.222297800092,1,323.965229861384
"1...327",6,82.5,180,195,"elevee",320,160,2070,269.860044011241,1,307.385414203957
"1...328",8,80,120,195,"elevee",320,160,2400,266.018034480786,1,293.204183940147
"1...329",10,77.5,120,195,"elevee",320,160,3030,259.967198830732,1,286.885320101958
"1...330",13,75,120,195,"elevee",320,160,3975,252.920842727012,1,279.346351269658
"1...331",16,72.5,60,195,"elevee",320,160,4020,252.631683852366,1,267.144681280915
"1...332",19,70,60,195,"elevee",320,160,4785,248.106665638853,1,262.390530161007
"1...333",1,95,420,210,"elevee",320,160,210,362.087982601411,1,362.087982601411
"1...334",2,90,300,210,"elevee",320,160,720,297.276663787769,1,338.954511234821
"1...335",4,85,240,210,"elevee",320,160,1560,277.203925043939,1,320.010416314003
"1...336",6,82.5,180,210,"elevee",320,160,2160,268.756428505903,1,303.824416184064
"1...337",8,80,120,210,"elevee",320,160,2520,264.75469388496,1,290.076381350656
"1...338",10,77.5,120,210,"elevee",320,160,3180,258.716166854189,1,283.797251826042
"1...339",13,75,120,210,"elevee",320,160,4170,251.680373422512,1,276.309623594299
"1...340",16,72.5,60,210,"elevee",320,160,4260,251.123909323989,1,264.573952112733
"1...341",19,70,60,210,"elevee",320,160,5070,246.607543154851,1,259.845707831526
"1...342",1,95,420,225,"elevee",320,160,225,353.946698903748,1,353.946698903748
"1...343",2,90,300,225,"elevee",320,160,750,296.21633409491,1,335.238894236048
"1...344",4,85,240,225,"elevee",320,160,1620,276.224411717706,1,316.442541985678
"1...345",6,82.5,180,225,"elevee",320,160,2250,267.697204115663,1,300.601463622273
"1...346",8,80,120,225,"elevee",320,160,2640,263.548221244203,1,287.235288472237
"1...347",10,77.5,120,225,"elevee",320,160,3330,257.52051421915,1,280.989691204485
"1...348",13,75,120,225,"elevee",320,160,4365,250.494551362947,1,273.546543374352
"1...349",16,72.5,60,225,"elevee",320,160,4500,249.703058559573,1,262.228038936917
"1...350",19,70,60,225,"elevee",320,160,5355,245.186082544377,1,257.513423120109
"1...351",1,95,420,240,"elevee",320,160,240,346.331877715445,1,346.331877715445
"1...352",2,90,300,240,"elevee",320,160,780,295.197957163228,1,331.876244832036
"1...353",4,85,240,240,"elevee",320,160,1680,275.28084719247,1,313.199592416108
"1...354",6,82.5,180,240,"elevee",320,160,2340,266.679163868451,1,297.663472620238
"1...355",8,80,120,240,"elevee",320,160,2760,262.394063748705,1,284.636507382484
"1...356",10,77.5,120,240,"elevee",320,160,3480,256.376414004818,1,278.42006015405
"1...357",13,75,120,240,"elevee",320,160,4560,249.359589873869,1,271.015814454768
"1...358",16,72.5,60,240,"elevee",320,160,4740,248.354532827083,1,260.067129395158
"1...359",19,70,60,240,"elevee",320,160,5640,243.839690979724,1,255.367203276268
"1...360",1,95,420,255,"elevee",320,160,255,339.17785213299,1,339.17785213299
"1...361",2,90,300,255,"elevee",320,160,810,294.218448492949,1,328.811571383081
"1...362",4,85,240,255,"elevee",320,160,1740,274.370485325232,1,310.232532189857
"1...363",6,82.5,180,255,"elevee",320,160,2430,265.699279775734,1,294.968307138694
"1...364",8,80,120,255,"elevee",320,160,2880,261.288562430479,1,282.245305285044
"1...365",10,77.5,120,255,"elevee",320,160,3630,255.280249436851,1,276.054409965186
"1...366",13,75,120,255,"elevee",320,160,4755,248.271910431006,1,268.684459972918
"1...367",16,72.5,60,255,"elevee",320,160,4980,247.069131865568,1,258.062743094667
"1...368",19,70,60,255,"elevee",320,160,5925,242.562083506142,1,253.381968616564
"1...369",1,95,420,270,"elevee",320,160,270,332.433581083537,1,332.433581083537
"1...370",2,90,300,270,"elevee",320,160,840,293.274896793659,1,326.001079986402
"1...371",4,85,240,270,"elevee",320,160,1800,273.490736183885,1,307.50196048938
"1...372",6,82.5,180,270,"elevee",320,160,2520,264.75469388496,1,292.481985402038
"1...373",8,80,120,270,"elevee",320,160,3000,260.228260150226,1,280.033572171332
"1...374",10,77.5,120,270,"elevee",320,160,3780,254.228603469883,1,273.86523021253
"1...375",13,75,120,270,"elevee",320,160,4950,247.228132336182,1,266.525720183982
"1...376",16,72.5,60,270,"elevee",320,160,5220,245.848531135377,1,256.201947287583
"1...377",19,70,60,270,"elevee",320,160,6210,241.342045935995,1,251.531383794563
"1...378",1,95,420,285,"elevee",320,160,285,326.0528201955,1,326.0528201955
"1...379",2,90,300,285,"elevee",320,160,870,292.364555298251,1,323.409359986365
"1...380",4,85,240,285,"elevee",320,160,1860,272.639158162689,1,304.975768536791
"1...381",6,82.5,180,285,"elevee",320,160,2610,263.842709752648,1,290.176715771539
"1...382",8,80,120,285,"elevee",320,160,3120,259.209891568654,1,277.978226844018
"1...383",10,77.5,120,285,"elevee",320,160,3930,253.218248857277,1,271.829906411674
"1...384",13,75,120,285,"elevee",320,160,5145,246.225062876263,1,264.517570206761
"1...385",16,72.5,60,285,"elevee",320,160,5460,244.683282972166,1,254.463014371426
"1...386",19,70,60,285,"elevee",320,160,6495,240.175623741868,1,249.799782067048
"1...387",1,95,420,300,"elevee",320,160,300,320,1,320
"1...388",2,90,300,300,"elevee",320,160,900,291.48483348601,1,321.007392431935
"1...389",4,85,240,300,"elevee",320,160,1920,271.813450470577,1,302.627461950904
"1...390",6,82.5,180,300,"elevee",320,160,2700,262.960784319112,1,288.029485651246
"1...391",8,80,120,300,"elevee",320,160,3240,258.230373587525,1,276.060072609759
"1...392",10,77.5,120,300,"elevee",320,160,4080,252.246138686172,1,269.929611051824
"1...393",13,75,120,300,"elevee",320,160,5340,245.259687943377,1,262.641652620223
"1...394",16,72.5,60,300,"elevee",320,160,5700,243.567100351983,1,252.82987490594
"1...395",19,70,60,300,"elevee",320,160,6780,239.059079058851,1,248.173949492353
"1...396",1,95,420,315,"elevee",320,160,315,318.73716177444,1,318.73716177444
"1...397",2,90,300,315,"elevee",320,160,930,290.633289196298,1,318.771111302288
"1...398",4,85,240,315,"elevee",320,160,1980,271.011895485677,1,300.435449610853
"1...399",6,82.5,180,315,"elevee",320,160,2790,262.110703463502,1,286.025718861079
"1...400",8,80,120,315,"elevee",320,160,3360,257.286796239256,1,274.262960022204
"1...401",10,77.5,120,315,"elevee",320,160,4230,251.30939735683,1,268.148491037625
"1...402",13,75,120,315,"elevee",320,160,5535,244.329163095584,1,260.882494253962
"1...403",16,72.5,60,315,"elevee",320,160,5940,242.496511034037,1,251.291186509357
"1...404",19,70,60,315,"elevee",320,160,7065,237.989300164463,1,246.643046368356
"1...405",1,95,420,330,"elevee",320,160,330,317.530548328156,1,317.530548328156
"1...406",2,90,300,330,"elevee",320,160,960,289.807621115155,1,316.680344756765
"1...407",4,85,240,330,"elevee",320,160,2040,270.240180399247,1,298.389888823125
"1...408",6,82.5,180,330,"elevee",320,160,2880,261.288562430479,1,284.147224283185
"1...409",8,80,120,330,"elevee",320,160,3480,256.376414004818,1,272.573163751932
"1...410",10,77.5,120,330,"elevee",320,160,4380,250.405311986231,1,266.473062146513
"1...411",13,75,120,330,"elevee",320,160,5730,243.430805038112,1,259.226921754077
"1...412",16,72.5,60,330,"elevee",320,160,6180,241.468235134311,1,249.837174013441
"1...413",19,70,60,330,"elevee",320,160,7350,236.963137876161,1,245.197532977991
"1...414",1,95,420,345,"elevee",320,160,345,316.376285703828,1,316.376285703828
"1...415",2,90,300,345,"elevee",320,160,990,289.005883962898,1,314.718270910355
"1...416",4,85,240,345,"elevee",320,160,2100,269.488983634775,1,296.466430424654
"1...417",6,82.5,180,345,"elevee",320,160,2970,260.490609648598,1,282.378269620998
"1...418",8,80,120,345,"elevee",320,160,3600,255.496637540574,1,270.978911619785
"1...419",10,77.5,120,345,"elevee",320,160,4530,249.531324216721,1,264.891750798322
"1...420",13,75,120,345,"elevee",320,160,5925,242.562083506142,1,257.663618788568
"1...421",16,72.5,60,345,"elevee",320,160,6420,240.479175546089,1,248.459333062477
"1...422",19,70,60,345,"elevee",320,160,7635,235.975328478349,1,243.826721360297
"1...423",1,95,420,360,"elevee",320,160,360,315.270712438206,1,315.270712438206
"1...424",2,90,300,360,"elevee",320,160,1020,288.234220758198,1,312.879402304892
"1...425",4,85,240,360,"elevee",320,160,2160,268.756428505903,1,294.651423341676
"1...426",6,82.5,180,360,"elevee",320,160,3060,259.714763076706,1,280.706812965895
"1...427",8,80,120,360,"elevee",320,160,3720,254.645025795557,1,269.470023609833
"1...428",10,77.5,120,360,"elevee",320,160,4680,248.685022411391,1,263.394542433592
"1...429",13,75,120,360,"elevee",320,160,6120,241.720613530943,1,256.182785884075
"1...430",16,72.5,60,360,"elevee",320,160,6660,239.526408809799,1,247.150203122663
"1...431",19,70,60,360,"elevee",320,160,7920,235.023914433807,1,242.524236136633
"1...432",2,95,300,15,"elevee",320,160,330,317.530548328156,1,978.976074632041
"1...433",3,90,240,15,"elevee",320,160,525,305.477176100848,1,721.330558762138
"1...434",5,85,180,15,"elevee",320,160,795,294.704462594698,1,592.35219940265
"1...435",7,82.5,120,15,"elevee",320,160,825,293.742545243547,1,517.191997000066
"1...436",9,80,60,15,"elevee",320,160,615,301.369350035311,1,448.39891321604
"1...437",12,77.5,60,15,"elevee",320,160,840,293.274896793659,1,433.447965885494
"1...438",15,75,60,15,"elevee",320,160,1065,287.111935832191,1,422.363955563541
"1...439",18,72.5,30,15,"elevee",320,160,780,295.197957163228,1,382.381538390312
"1...440",21,70,30,15,"elevee",320,160,915,291.05186054432,1,376.427270514432
"1...441",2,95,300,30,"elevee",320,160,360,315.270712438206,1,584.121797563404
"1...442",3,90,240,30,"elevee",320,160,570,303.341788319281,1,525.629057776505
"1...443",5,85,180,30,"elevee",320,160,870,292.364555298251,1,468.563487381845
"1...444",7,82.5,120,30,"elevee",320,160,930,290.633289196298,1,425.567744022905
"1...445",9,80,60,30,"elevee",320,160,750,296.21633409491,1,382.680521446283
"1...446",12,77.5,60,30,"elevee",320,160,1020,288.234220758198,1,371.581263286192
"1...447",15,75,60,30,"elevee",320,160,1290,282.136604537714,1,363.086120944888
"1...448",18,72.5,30,30,"elevee",320,160,1050,287.483080538602,1,336.815618169778
"1...449",21,70,30,30,"elevee",320,160,1230,283.375278972852,1,331.78376923874
"1...450",2,95,300,45,"elevee",320,160,390,313.191987926211,1,485.804220800361
"1...451",3,90,240,45,"elevee",320,160,615,301.369350035311,1,456.124214086882
"1...452",5,85,180,45,"elevee",320,160,945,290.216677570635,1,418.030571957158
"1...453",7,82.5,120,45,"elevee",320,160,1035,287.854225245014,1,385.827458612794
"1...454",9,80,60,45,"elevee",320,160,885,291.917806427699,1,352.905294659735
"1...455",12,77.5,60,45,"elevee",320,160,1200,284.012024353201,1,343.317083765811
"1...456",15,75,60,45,"elevee",320,160,1515,277.961404417308,1,335.855772174388
"1...457",18,72.5,30,45,"elevee",320,160,1320,281.54233161081,1,315.494526608983
"1...458",21,70,30,45,"elevee",320,160,1545,277.456418168395,1,310.847911568087
"1...459",2,95,300,60,"elevee",320,160,420,311.268945042516,1,442.625615677941
"1...460",3,90,240,60,"elevee",320,160,660,299.536440638896,1,420.989864308218
"1...461",5,85,180,60,"elevee",320,160,1020,288.234220758198,1,390.090177271417
"1...462",7,82.5,120,60,"elevee",320,160,1140,285.347723519279,1,362.983520798496
"1...463",9,80,60,60,"elevee",320,160,1020,288.234220758198,1,335.405191717039
"1...464",12,77.5,60,60,"elevee",320,160,1380,280.388139080333,1,326.470247050134
"1...465",15,75,60,60,"elevee",320,160,1740,274.370485325232,1,319.476848222052
"1...466",18,72.5,30,60,"elevee",320,160,1590,276.710315389367,1,302.471851223191
"1...467",21,70,30,60,"elevee",320,160,1860,272.639158162689,1,298.002693364583
"1...468",2,95,300,75,"elevee",320,160,450,309.478929446644,1,416.654393635909
"1...469",3,90,240,75,"elevee",320,160,705,297.822216833594,1,398.616538736449
"1...470",5,85,180,75,"elevee",320,160,1095,286.393466416298,1,371.550539277151
"1...471",7,82.5,120,75,"elevee",320,160,1245,283.057133472675,1,347.532435242724
"1...472",9,80,60,75,"elevee",320,160,1155,285.004098697331,1,323.419105498028
"1...473",12,77.5,60,75,"elevee",320,160,1560,277.203925043939,1,314.840076867606
"1...474",15,75,60,75,"elevee",320,160,1965,271.212284231902,1,308.112030989625
"1...475",18,72.5,30,75,"elevee",320,160,1860,272.639158162689,1,293.311007558846
"1...476",21,70,30,75,"elevee",320,160,2175,268.57790919006,1,288.942392010293
"1...477",2,95,300,90,"elevee",320,160,480,307.80179043491,1,398.725075545741
"1...478",3,90,240,90,"elevee",320,160,750,296.21633409491,1,382.680521446283
"1...479",5,85,180,90,"elevee",320,160,1170,284.673303994055,1,358.016296237348
"1...480",7,82.5,120,90,"elevee",320,160,1350,280.954988447877,1,336.129306035065
"1...481",9,80,60,90,"elevee",320,160,1290,282.136604537714,1,314.488798715256
"1...482",12,77.5,60,90,"elevee",320,160,1740,274.370485325232,1,306.128145778386
"1...483",15,75,60,90,"elevee",320,160,2190,268.399389874216,1,299.569688972716
"1...484",18,72.5,30,90,"elevee",320,160,2130,269.117923258309,1,286.324481131895
"1...485",21,70,30,90,"elevee",320,160,2490,265.063133350755,1,282.019534257767
"1...486",2,95,300,105,"elevee",320,160,510,306.228259762716,1,385.345170483645
"1...487",3,90,240,105,"elevee",320,160,795,294.704462594698,1,370.540682550462
"1...488",5,85,180,105,"elevee",320,160,1245,283.057133472675,1,347.532435242724
"1...489",7,82.5,120,105,"elevee",320,160,1455,279.009899241317,1,327.228122164648
"1...490",9,80,60,105,"elevee",320,160,1425,279.555328328865,1,307.456521826641
"1...491",12,77.5,60,105,"elevee",320,160,1920,271.813450470577,1,299.239335717181
"1...492",15,75,60,105,"elevee",320,160,2415,265.858316381979,1,292.797403039212
"1...493",18,72.5,30,105,"elevee",320,160,2400,266.018034480786,1,280.717092268804
"1...494",21,70,30,105,"elevee",320,160,2805,261.970193877274,1,276.458496153991
"1...495",2,95,300,120,"elevee",320,160,540,304.744742548818,1,374.838234570578
"1...496",3,90,240,120,"elevee",320,160,840,293.274896793659,1,360.867228346404
"1...497",5,85,180,120,"elevee",320,160,1320,281.54233161081,1,339.088063965529
"1...498",7,82.5,120,120,"elevee",320,160,1560,277.203925043939,1,320.010416314003
"1...499",9,80,60,120,"elevee",320,160,1560,277.203925043939,1,301.69785972615
"1...500",12,77.5,60,120,"elevee",320,160,2100,269.488983634775,1,293.590750304688
"1...501",15,75,60,120,"elevee",320,160,2640,263.548221244203,1,287.235288472237
"1...502",18,72.5,30,120,"elevee",320,160,2670,263.253732735757,1,276.057204749792
"1...503",21,70,30,120,"elevee",320,160,3120,259.209891568654,1,271.831135382948
"1...504",2,95,300,135,"elevee",320,160,570,303.341788319281,1,366.287062908882
"1...505",3,90,240,135,"elevee",320,160,885,291.917806427699,1,352.905294659735
"1...506",5,85,180,135,"elevee",320,160,1395,280.10471439656,1,332.068207272402
"1...507",7,82.5,120,135,"elevee",320,160,1665,275.514618288853,1,313.98403708776
"1...508",9,80,60,135,"elevee",320,160,1695,275.047076096087,1,296.849871720427
"1...509",12,77.5,60,135,"elevee",320,160,2280,267.353657370707,1,288.824247727342
"1...510",15,75,60,135,"elevee",320,160,2865,261.424888719838,1,282.534620347083
"1...511",18,72.5,30,135,"elevee",320,160,2940,260.752959146969,1,272.074633388961
"1...512",21,70,30,135,"elevee",320,160,3435,256.713743263213,1,267.874910474363
"1...513",2,95,300,150,"elevee",320,160,600,302.006012859709,1,359.133298001585
"1...514",3,90,240,150,"elevee",320,160,930,290.633289196298,1,346.199786713175
"1...515",5,85,180,150,"elevee",320,160,1470,278.747116043838,1,326.111953782196
"1...516",7,82.5,120,150,"elevee",320,160,1770,273.923610747277,1,308.835947827854
"1...517",9,80,60,150,"elevee",320,160,1830,273.057861620493,1,292.682509861875
"1...518",12,77.5,60,150,"elevee",320,160,2460,265.381206563245,1,284.718445207422
"1...519",15,75,60,150,"elevee",320,160,3090,259.46232732268,1,278.480268189304
"1...520",18,72.5,30,150,"elevee",320,160,3210,258.473270220857,1,268.606272691042
"1...521",21,70,30,150,"elevee",320,160,3750,254.43681463272,1,264.426276836094
"1...522",2,95,300,165,"elevee",320,160,630,300.743007139339,1,353.037701914431
"1...523",3,90,240,165,"elevee",320,160,975,289.406752539026,1,340.435534716165
"1...524",5,85,180,165,"elevee",320,160,1545,277.456418168395,1,320.962083332271
"1...525",7,82.5,120,165,"elevee",320,160,1875,272.430899680231,1,304.373531363574
"1...526",9,80,60,165,"elevee",320,160,1965,271.212284231902,1,289.038699007821
"1...527",12,77.5,60,165,"elevee",320,160,2640,263.548221244203,1,281.121651168741
"1...528",15,75,60,165,"elevee",320,160,3315,257.637373209097,1,274.924448704158
"1...529",18,72.5,30,165,"elevee",320,160,3480,256.376414004818,1,265.535546443926
"1...530",21,70,30,165,"elevee",320,160,4065,252.342524977721,1,261.371783736961
"1...531",2,95,300,180,"elevee",320,160,660,299.536440638896,1,347.747020504184
"1...532",3,90,240,180,"elevee",320,160,1020,288.234220758198,1,335.405191717039
"1...533",5,85,180,180,"elevee",320,160,1620,276.224411717706,1,316.442541985678
"1...534",7,82.5,120,180,"elevee",320,160,1980,271.011895485677,1,300.435449610853
"1...535",9,80,60,180,"elevee",320,160,2100,269.488983634775,1,285.806189077643
"1...536",12,77.5,60,180,"elevee",320,160,2820,261.833867587915,1,277.925164546912
"1...537",15,75,60,180,"elevee",320,160,3540,255.929413748021,1,271.761040321831
"1...538",18,72.5,30,180,"elevee",320,160,3750,254.43681463272,1,262.784229789876
"1...539",21,70,30,180,"elevee",320,160,4380,250.405311986231,1,258.634095966278
"1...540",2,95,300,195,"elevee",320,160,690,298.382213065475,1,343.093357696329
"1...541",3,90,240,195,"elevee",320,160,1065,287.111935832191,1,330.960659391954
"1...542",5,85,180,195,"elevee",320,160,1695,275.047076096087,1,312.429900557239
"1...543",7,82.5,120,195,"elevee",320,160,2085,269.674513823008,1,296.936118962027
"1...544",9,80,60,195,"elevee",320,160,2235,267.868977488141,1,282.901792366394
"1...545",12,77.5,60,195,"elevee",320,160,3000,260.228260150226,1,275.05752661703
"1...546",15,75,60,195,"elevee",320,160,3765,254.332709051301,1,268.924621028862
"1...547",18,72.5,30,195,"elevee",320,160,4020,252.631683852366,1,260.292620041693
"1...548",21,70,30,195,"elevee",320,160,4695,248.602400015314,1,256.154115154798
"1...549",2,95,300,210,"elevee",320,160,720,297.276663787769,1,338.954511234821
"1...550",3,90,240,210,"elevee",320,160,1110,286.036346641352,1,326.992808957185
"1...551",5,85,180,210,"elevee",320,160,1770,273.923610747277,1,308.835947827854
"1...552",7,82.5,120,210,"elevee",320,160,2190,268.399389874216,1,293.78399584539
"1...553",9,80,60,210,"elevee",320,160,2370,266.348599174619,1,280.276100555761
"1...554",12,77.5,60,210,"elevee",320,160,3180,258.716166854189,1,272.458168694769
"1...555",15,75,60,210,"elevee",320,160,3990,252.824456435463,1,266.347538726015
"1...556",18,72.5,30,210,"elevee",320,160,4290,250.940748246528,1,258.013813297685
"1...557",21,70,30,210,"elevee",320,160,5010,246.913527377721,1,253.885362761035
"1...558",2,95,300,225,"elevee",320,160,750,296.21633409491,1,335.238894236048
"1...559",3,90,240,225,"elevee",320,160,1155,285.004098697331,1,323.419105498028
"1...560",5,85,180,225,"elevee",320,160,1845,272.847416645146,1,305.5872270357
"1...561",7,82.5,120,225,"elevee",320,160,2295,267.181883998229,1,290.921813284464
"1...562",9,80,60,225,"elevee",320,160,2505,264.907720766522,1,277.873797048961
"1...563",12,77.5,60,225,"elevee",320,160,3360,257.286796239256,1,270.082692121516
"1...564",15,75,60,225,"elevee",320,160,4215,251.40214137325,1,263.995055274567
"1...565",18,72.5,30,225,"elevee",320,160,4560,249.359589873869,1,255.924183974299
"1...566",21,70,30,225,"elevee",320,160,5325,245.333293342377,1,251.803496738511
"1...567",2,95,300,240,"elevee",320,160,780,295.197957163228,1,331.876244832036
"1...568",3,90,240,240,"elevee",320,160,1200,284.012024353201,1,320.175731560636
"1...569",5,85,180,240,"elevee",320,160,1920,271.813450470577,1,302.627461950904
"1...570",7,82.5,120,240,"elevee",320,160,2400,266.018034480786,1,288.305258387868
"1...571",9,80,60,240,"elevee",320,160,2640,263.548221244203,1,275.671275930462
"1...572",12,77.5,60,240,"elevee",320,160,3540,255.929413748021,1,267.894723793079
"1...573",15,75,60,240,"elevee",320,160,4440,250.048354479365,1,261.824219063058
"1...574",18,72.5,30,240,"elevee",320,160,4830,247.864134218635,1,253.984464326308
"1...575",21,70,30,240,"elevee",320,160,5640,243.839690979724,1,249.871607912831
"1...576",2,95,300,255,"elevee",320,160,810,294.218448492949,1,328.811571383081
"1...577",3,90,240,255,"elevee",320,160,1245,283.057133472675,1,317.212394485471
"1...578",5,85,180,255,"elevee",320,160,1995,270.818629581339,1,299.913719023124
"1...579",7,82.5,120,255,"elevee",320,160,2505,264.907720766522,1,285.903077692648
"1...580",9,80,60,255,"elevee",320,160,2775,262.252383606104,1,273.629949238656
"1...581",12,77.5,60,255,"elevee",320,160,3720,254.645025795557,1,265.876043798323
"1...582",15,75,60,255,"elevee",320,160,4665,248.767644807468,1,259.821023823116
"1...583",18,72.5,30,255,"elevee",320,160,5100,246.454551043416,1,252.183845519353
"1...584",21,70,30,255,"elevee",320,160,5955,242.430938561933,1,248.077037214421
"1...585",2,95,300,270,"elevee",320,160,840,293.274896793659,1,326.001079986402
"1...586",3,90,240,270,"elevee",320,160,1290,282.136604537714,1,314.488798715256
"1...587",5,85,180,270,"elevee",320,160,2070,269.860044011241,1,297.41142225972
"1...588",7,82.5,120,270,"elevee",320,160,2610,263.842709752648,1,283.681535482167
"1...589",9,80,60,270,"elevee",320,160,2910,261.015909851762,1,271.729801808489
"1...590",12,77.5,60,270,"elevee",320,160,3900,253.418592072011,1,263.995567798159
"1...591",15,75,60,270,"elevee",320,160,4890,247.546133277408,1,257.955917084272
"1...592",18,72.5,30,270,"elevee",320,160,5370,245.112477145377,1,250.494818908822
"1...593",21,70,30,270,"elevee",320,160,6270,241.089667539363,1,246.393429411153
"1...594",2,95,300,285,"elevee",320,160,870,292.364555298251,1,323.409359986365
"1...595",3,90,240,285,"elevee",320,160,1335,281.247776174713,1,311.972186302415
"1...596",5,85,180,285,"elevee",320,160,2145,268.934947821747,1,295.092329231108
"1...597",7,82.5,120,285,"elevee",320,160,2715,262.81910417651,1,281.616641304772
"1...598",9,80,60,285,"elevee",320,160,3045,259.840980953719,1,269.960795134601
"1...599",12,77.5,60,285,"elevee",320,160,4080,252.246138686172,1,262.237076151559
"1...600",15,75,60,285,"elevee",320,160,5115,246.378054987698,1,256.211028039118
"1...601",18,72.5,30,285,"elevee",320,160,5640,243.839690979724,1,248.912445915265
"1...602",21,70,30,285,"elevee",320,160,6585,239.818489904141,1,244.816803149229
"1...603",2,95,300,300,"elevee",320,160,900,291.48483348601,1,321.007392431935
"1...604",3,90,240,300,"elevee",320,160,1380,280.388139080333,1,309.635582924009
"1...605",5,85,180,300,"elevee",320,160,2220,268.042351242529,1,292.934876255453
"1...606",7,82.5,120,300,"elevee",320,160,2820,261.833867587915,1,279.689091677162
"1...607",9,80,60,300,"elevee",320,160,3180,258.716166854189,1,268.300963647235
"1...608",12,77.5,60,300,"elevee",320,160,4260,251.123909323989,1,260.586915832944
"1...609",15,75,60,300,"elevee",320,160,5340,245.259687943377,1,254.572937408296
"1...610",18,72.5,30,300,"elevee",320,160,5910,242.627655978246,1,247.422511427208
"1...611",21,70,30,300,"elevee",320,160,6900,238.607176411883,1,243.331280141178
"1...612",2,95,300,315,"elevee",320,160,930,290.633289196298,1,318.771111302288
"1...613",3,90,240,315,"elevee",320,160,1425,279.555328328865,1,307.456521826641
"1...614",5,85,180,315,"elevee",320,160,2295,267.181883998229,1,290.921813284464
"1...615",7,82.5,120,315,"elevee",320,160,2925,260.884133896155,1,277.882663001482
"1...616",9,80,60,315,"elevee",320,160,3315,257.637373209097,1,266.737943596249
"1...617",12,77.5,60,315,"elevee",320,160,4440,250.048354479365,1,259.033452935419
"1...618",15,75,60,315,"elevee",320,160,5565,244.187515144951,1,253.030202401043
"1...619",18,72.5,30,315,"elevee",320,160,6180,241.468235134311,1,246.012264764127
"1...620",21,70,30,315,"elevee",320,160,7215,237.44845282215,1,241.925059754843
"1...621",2,95,300,330,"elevee",320,160,960,289.807621115155,1,316.680344756765
"1...622",3,90,240,330,"elevee",320,160,1470,278.747116043838,1,305.416098855804
"1...623",5,85,180,330,"elevee",320,160,2370,266.348599174619,1,289.033638808861
"1...624",7,82.5,120,330,"elevee",320,160,3030,259.967198830732,1,276.183579351802
"1...625",9,80,60,330,"elevee",320,160,3450,256.601300177081,1,265.261646351226
"1...626",12,77.5,60,330,"elevee",320,160,4620,249.016121188165,1,257.566666559952
"1...627",15,75,60,330,"elevee",320,160,5790,243.158214410371,1,251.572960527737
"1...628",18,72.5,30,330,"elevee",320,160,6450,240.3577548244,1,244.674343966058
"1...629",21,70,30,330,"elevee",320,160,7530,236.338646314253,1,240.590831878124
"1...630",2,95,300,345,"elevee",320,160,990,289.005883962898,1,314.718270910355
"1...631",3,90,240,345,"elevee",320,160,1515,277.961404417308,1,303.498261448073
"1...632",5,85,180,345,"elevee",320,160,2445,265.540243169489,1,287.256179271978
"1...633",7,82.5,120,345,"elevee",320,160,3135,259.08367369164,1,274.583446300153
"1...634",9,80,60,345,"elevee",320,160,3585,255.604831592436,1,263.863311217885
"1...635",12,77.5,60,345,"elevee",320,160,4800,248.024043242776,1,256.177842671595
"1...636",15,75,60,345,"elevee",320,160,6015,242.168648673515,1,250.192630684271
"1...637",18,72.5,30,345,"elevee",320,160,6720,239.292743934325,1,243.402220885183
"1...638",21,70,30,345,"elevee",320,160,7845,235.274286550792,1,239.322110941306
"1...639",2,95,300,360,"elevee",320,160,1020,288.234220758198,1,312.879402304892
"1...640",3,90,240,360,"elevee",320,160,1560,277.203925043939,1,301.69785972615
"1...641",5,85,180,360,"elevee",320,160,2520,264.75469388496,1,285.577248420538
"1...642",7,82.5,120,360,"elevee",320,160,3240,258.230373587525,1,273.071194182443
"1...643",9,80,60,360,"elevee",320,160,3720,254.645025795557,1,262.53526570998
"1...644",12,77.5,60,360,"elevee",320,160,4980,247.069131865568,1,254.859339865269
"1...645",15,75,60,360,"elevee",320,160,6240,241.215856737679,1,248.881684267502
"1...646",18,72.5,30,360,"elevee",320,160,6990,238.269923800028,1,242.190062225537
"1...647",21,70,30,360,"elevee",320,160,8160,234.252095619279,1,238.113098958216
"1...648",2,90,240,15,"elevee",320,160,270,332.433581083537,1,939.92502434822
"1...649",4,85,180,15,"elevee",320,160,600,302.006012859709,1,620.209056078365
"1...650",6,82.5,120,15,"elevee",320,160,690,298.382213065475,1,529.555442782698
"1...651",8,80,60,15,"elevee",320,160,540,304.744742548818,1,454.811816386362
"1...652",10,77.5,60,15,"elevee",320,160,690,298.382213065475,1,442.818938754728
"1...653",13,75,60,15,"elevee",320,160,915,291.05186054432,1,429.425272906253
"1...654",16,72.5,30,15,"elevee",320,160,690,298.382213065475,1,386.975525642655
"1...655",19,70,30,15,"elevee",320,160,825,293.742545243547,1,380.288088585468
"1...656",1,95,300,30,"elevee",320,160,30,591.705921640623,1,591.705921640623
"1...657",2,90,240,30,"elevee",320,160,300,320,1,558.475554675459
"1...658",4,85,180,30,"elevee",320,160,660,299.536440638896,1,481.961329994838
"1...659",6,82.5,120,30,"elevee",320,160,780,295.197957163228,1,433.122628631606
"1...660",8,80,60,30,"elevee",320,160,660,299.536440638896,1,387.287870794096
"1...661",10,77.5,60,30,"elevee",320,160,840,293.274896793659,1,378.593738403268
"1...662",13,75,60,30,"elevee",320,160,1110,286.036346641352,1,368.520569390593
"1...663",16,72.5,30,30,"elevee",320,160,930,290.633289196298,1,340.672734434528
"1...664",19,70,30,30,"elevee",320,160,1110,286.036346641352,1,335.043701569242
"1...665",1,95,300,45,"elevee",320,160,45,543.860667384306,1,543.860667384306
"1...666",2,90,240,45,"elevee",320,160,330,317.530548328156,1,469.559293834562
"1...667",4,85,180,45,"elevee",320,160,720,297.276663787769,1,427.263086048539
"1...668",6,82.5,120,45,"elevee",320,160,870,292.364555298251,1,391.728836374541
"1...669",8,80,60,45,"elevee",320,160,780,295.197957163228,1,356.814693707597
"1...670",10,77.5,60,45,"elevee",320,160,990,289.005883962898,1,349.398454004824
"1...671",13,75,60,45,"elevee",320,160,1305,281.836887046908,1,340.645458218159
"1...672",16,72.5,30,45,"elevee",320,160,1170,284.673303994055,1,319.042271117446
"1...673",19,70,30,45,"elevee",320,160,1395,280.10471439656,1,313.861585586116
"1...674",1,95,300,60,"elevee",320,160,60,509.914007488792,1,509.914007488792
"1...675",2,90,240,60,"elevee",320,160,360,315.270712438206,1,430.026499789144
"1...676",4,85,180,60,"elevee",320,160,780,295.197957163228,1,397.84719404917
"1...677",6,82.5,120,60,"elevee",320,160,960,289.807621115155,1,368.218162051835
"1...678",8,80,60,60,"elevee",320,160,900,291.48483348601,1,339.029415024994
"1...679",10,77.5,60,60,"elevee",320,160,1140,285.347723519279,1,332.146289203197
"1...680",13,75,60,60,"elevee",320,160,1500,278.222297800092,1,323.965229861384
"1...681",16,72.5,30,60,"elevee",320,160,1410,279.828042872639,1,305.879951647571
"1...682",19,70,30,60,"elevee",320,160,1680,275.28084719247,1,300.904894799713
"1...683",1,95,300,75,"elevee",320,160,75,483.583764687578,1,483.583764687578
"1...684",2,90,240,75,"elevee",320,160,390,313.191987926211,1,406.150448067876
"1...685",4,85,180,75,"elevee",320,160,840,293.274896793659,1,378.593738403268
"1...686",6,82.5,120,75,"elevee",320,160,1050,287.483080538602,1,352.42918522617
"1...687",8,80,60,75,"elevee",320,160,1020,288.234220758198,1,326.896483446409
"1...688",10,77.5,60,75,"elevee",320,160,1290,282.136604537714,1,320.292867379812
"1...689",13,75,60,75,"elevee",320,160,1695,275.047076096087,1,312.429900557239
"1...690",16,72.5,30,75,"elevee",320,160,1650,275.748389385236,1,296.641659501729
"1...691",19,70,30,75,"elevee",320,160,1965,271.212284231902,1,291.778298226934
"1...692",1,95,300,90,"elevee",320,160,90,462.069062676251,1,462.069062676251
"1...693",2,90,240,90,"elevee",320,160,420,311.268945042516,1,389.645492362028
"1...694",4,85,180,90,"elevee",320,160,900,291.48483348601,1,364.658353529277
"1...695",6,82.5,120,90,"elevee",320,160,1140,285.347723519279,1,340.819096876
"1...696",8,80,60,90,"elevee",320,160,1140,285.347723519279,1,317.875013528751
"1...697",10,77.5,60,90,"elevee",320,160,1440,279.282613785091,1,311.442236287652
"1...698",13,75,60,90,"elevee",320,160,1890,272.222641197774,1,303.780197034982
"1...699",16,72.5,30,90,"elevee",320,160,1890,272.222641197774,1,289.607862882087
"1...700",19,70,30,90,"elevee",320,160,2250,267.697204115663,1,284.818196636044
"1...701",1,95,300,105,"elevee",320,160,105,443.879460847471,1,443.879460847471
"1...702",2,90,240,105,"elevee",320,160,450,309.478929446644,1,377.316487941145
"1...703",4,85,180,105,"elevee",320,160,960,289.807621115155,1,353.926714228446
"1...704",6,82.5,120,105,"elevee",320,160,1230,283.375278972852,1,331.78376923874
"1...705",8,80,60,105,"elevee",320,160,1260,282.748851176078,1,310.780138222187
"1...706",10,77.5,60,105,"elevee",320,160,1590,276.710315389367,1,304.460868346124
"1...707",13,75,60,105,"elevee",320,160,2085,269.674513823008,1,296.936118962027
"1...708",16,72.5,30,105,"elevee",320,160,2130,269.117923258309,1,283.966558116338
"1...709",19,70,30,105,"elevee",320,160,2535,264.601667003398,1,279.228935101307
"1...710",1,95,300,120,"elevee",320,160,120,428.122761708517,1,428.122761708517
"1...711",2,90,240,120,"elevee",320,160,480,307.80179043491,1,367.625410305986
"1...712",4,85,180,120,"elevee",320,160,1020,288.234220758198,1,345.313526353668
"1...713",6,82.5,120,120,"elevee",320,160,1320,281.54233161081,1,324.468930954752
"1...714",8,80,60,120,"elevee",320,160,1380,280.388139080333,1,304.983098694201
"1...715",10,77.5,60,120,"elevee",320,160,1740,274.370485325232,1,298.742724627481
"1...716",13,75,60,120,"elevee",320,160,2280,267.353657370707,1,291.316098734643
"1...717",16,72.5,30,120,"elevee",320,160,2370,266.348599174619,1,279.280645770139
"1...718",19,70,30,120,"elevee",320,160,2820,261.833867587915,1,274.575060935967
"1...719",1,95,300,135,"elevee",320,160,135,414.224645054717,1,414.224645054717
"1...720",2,90,240,135,"elevee",320,160,510,306.228259762716,1,359.735051345111
"1...721",4,85,180,135,"elevee",320,160,1080,286.750586191244,1,338.184498219788
"1...722",6,82.5,120,135,"elevee",320,160,1410,279.828042872639,1,318.369852478416
"1...723",8,80,60,135,"elevee",320,160,1500,278.222297800092,1,300.105891033753
"1...724",10,77.5,60,135,"elevee",320,160,1890,272.222641197774,1,293.924234919972
"1...725",13,75,60,135,"elevee",320,160,2475,265.222169957,1,286.572045809247
"1...726",16,72.5,30,135,"elevee",320,160,2610,263.842709752648,1,275.277113094249
"1...727",19,70,30,135,"elevee",320,160,3105,259.336109445667,1,270.603075578531
"1...728",1,95,300,150,"elevee",320,160,150,401.792066327416,1,401.792066327416
"1...729",2,90,240,150,"elevee",320,160,540,304.744742548818,1,353.135053496042
"1...730",4,85,180,150,"elevee",320,160,1140,285.347723519279,1,332.146289203197
"1...731",6,82.5,120,150,"elevee",320,160,1500,278.222297800092,1,313.175038778467
"1...732",8,80,60,150,"elevee",320,160,1620,276.224411717706,1,295.915244583611
"1...733",10,77.5,60,150,"elevee",320,160,2040,270.240180399247,1,289.778656393292
"1...734",13,75,60,150,"elevee",320,160,2670,263.253732735757,1,282.484621386921
"1...735",16,72.5,30,150,"elevee",320,160,2850,261.561215009197,1,271.794749504557
"1...736",19,70,30,150,"elevee",320,160,3390,257.053078259362,1,267.136981396567
"1...737",1,95,300,165,"elevee",320,160,165,390.545816785215,1,390.545816785215
"1...738",2,90,240,165,"elevee",320,160,570,303.341788319281,1,347.498966170667
"1...739",4,85,180,165,"elevee",320,160,1200,284.012024353201,1,326.931419292585
"1...740",6,82.5,120,165,"elevee",320,160,1590,276.710315389367,1,308.66968604275
"1...741",8,80,60,165,"elevee",320,160,1740,274.370485325232,1,292.252205066991
"1...742",10,77.5,60,165,"elevee",320,160,2190,268.399389874216,1,286.150970964722
"1...743",13,75,60,165,"elevee",320,160,2865,261.424888719838,1,278.903363079214
"1...744",16,72.5,30,165,"elevee",320,160,3090,259.46232732268,1,268.712206868033
"1...745",19,70,30,165,"elevee",320,160,3675,254.957342539813,1,264.07209268485
"1...746",1,95,300,180,"elevee",320,160,180,380.27827354314,1,380.27827354314
"1...747",2,90,240,180,"elevee",320,160,600,302.006012859709,1,342.599526094437
"1...748",4,85,180,180,"elevee",320,160,1260,282.748851176078,1,322.374070071947
"1...749",6,82.5,120,180,"elevee",320,160,1680,275.28084719247,1,304.705029794601
"1...750",8,80,60,180,"elevee",320,160,1860,272.639158162689,1,289.003366849576
"1...751",10,77.5,60,180,"elevee",320,160,2340,266.679163868451,1,282.930290348572
"1...752",13,75,60,180,"elevee",320,160,3060,259.714763076706,1,275.720345836025
"1...753",16,72.5,30,180,"elevee",320,160,3330,257.52051421915,1,265.950652840929
"1...754",19,70,30,180,"elevee",320,160,3960,253.017905642543,1,261.324774449471
"1...755",1,95,300,195,"elevee",320,160,195,370.832974733202,1,370.832974733202
"1...756",2,90,240,195,"elevee",320,160,630,300.743007139339,1,338.295725280735
"1...757",4,85,180,195,"elevee",320,160,1320,281.54233161081,1,318.332699853145
"1...758",6,82.5,120,195,"elevee",320,160,1770,273.923610747277,1,301.172738619497
"1...759",8,80,60,195,"elevee",320,160,1980,271.011895485677,1,286.085281583363
"1...760",10,77.5,60,195,"elevee",320,160,2490,265.063133350755,1,280.036937352931
"1...761",13,75,60,195,"elevee",320,160,3255,258.108925270859,1,272.859774983219
"1...762",16,72.5,30,195,"elevee",320,160,3570,255.713025644297,1,263.449986587197
"1...763",19,70,30,195,"elevee",320,160,4245,251.21665334041,1,258.840399937388
"1...764",1,95,300,210,"elevee",320,160,210,362.087982601411,1,362.087982601411
"1...765",2,90,240,210,"elevee",320,160,660,299.536440638896,1,334.462056925377
"1...766",4,85,180,210,"elevee",320,160,1380,280.388139080333,1,314.712596091382
"1...767",6,82.5,120,210,"elevee",320,160,1860,272.639158162689,1,298.002693364583
"1...768",8,80,60,210,"elevee",320,160,2100,269.488983634775,1,283.452249721215
"1...769",10,77.5,60,210,"elevee",320,160,2640,263.548221244203,1,277.422579281317
"1...770",13,75,60,210,"elevee",320,160,3450,256.601300177081,1,270.27132977829
"1...771",16,72.5,30,210,"elevee",320,160,3810,254.020392307045,1,261.163833664662
"1...772",19,70,30,210,"elevee",320,160,4530,249.531324216721,1,256.570114972129
"1...773",1,95,300,225,"elevee",320,160,225,353.946698903748,1,353.946698903748
"1...774",2,90,240,225,"elevee",320,160,690,298.382213065475,1,331.015140143716
"1...775",4,85,180,225,"elevee",320,160,1440,279.282613785091,1,311.442236287652
"1...776",6,82.5,120,225,"elevee",320,160,1950,271.412672978127,1,295.125187312782
"1...777",8,80,60,225,"elevee",320,160,2220,268.042351242529,1,281.040124574661
"1...778",10,77.5,60,225,"elevee",320,160,2790,262.110703463502,1,275.028360801275
"1...779",13,75,60,225,"elevee",320,160,3645,255.172055384989,1,267.901175280982
"1...780",16,72.5,30,225,"elevee",320,160,4050,252.438911269269,1,259.069081782174
"1...781",19,70,30,225,"elevee",320,160,4815,247.943634453942,1,254.47604125221
"1...782",1,95,300,240,"elevee",320,160,240,346.331877715445,1,346.331877715445
"1...783",2,90,240,240,"elevee",320,160,720,297.276663787769,1,327.891232434577
"1...784",4,85,180,240,"elevee",320,160,1500,278.222297800092,1,308.466103673527
"1...785",6,82.5,120,240,"elevee",320,160,2040,270.240180399247,1,292.495310403793
"1...786",8,80,60,240,"elevee",320,160,2340,266.679163868451,1,278.830699349571
"1...787",10,77.5,60,240,"elevee",320,160,2940,260.752959146969,1,272.83146517864
"1...788",13,75,60,240,"elevee",320,160,3840,253.819278501478,1,265.72255565783
"1...789",16,72.5,30,240,"elevee",320,160,4290,250.940748246528,1,257.122415373665
"1...790",19,70,30,240,"elevee",320,160,5100,246.454551043416,1,252.544925840056
"1...791",1,95,300,255,"elevee",320,160,255,339.17785213299,1,339.17785213299
"1...792",2,90,240,255,"elevee",320,160,750,296.21633409491,1,325.040444981553
"1...793",4,85,180,255,"elevee",320,160,1560,277.203925043939,1,305.740288014283
"1...794",6,82.5,120,255,"elevee",320,160,2130,269.117923258309,1,290.07737727256
"1...795",8,80,60,255,"elevee",320,160,2460,265.381206563245,1,276.784680533784
"1...796",10,77.5,60,255,"elevee",320,160,3090,259.46232732268,1,270.798822343511
"1...797",13,75,60,255,"elevee",320,160,4035,252.535297560818,1,263.708164237395
"1...798",16,72.5,30,255,"elevee",320,160,4530,249.531324216721,1,255.318328608413
"1...799",19,70,30,255,"elevee",320,160,5385,245.038871746377,1,250.739787284574
"1...800",1,95,300,270,"elevee",320,160,270,332.433581083537,1,332.433581083537
"1...801",2,90,240,270,"elevee",320,160,780,295.197957163228,1,322.423035392731
"1...802",4,85,180,270,"elevee",320,160,1620,276.224411717706,1,303.229484596714
"1...803",6,82.5,120,270,"elevee",320,160,2220,268.042351242529,1,287.842556698774
"1...804",8,80,60,270,"elevee",320,160,2580,264.142586358712,1,274.880237201403
"1...805",10,77.5,60,270,"elevee",320,160,3240,258.230373587525,1,268.906146000849
"1...806",13,75,60,270,"elevee",320,160,4230,251.30939735683,1,261.831630068168
"1...807",16,72.5,30,270,"elevee",320,160,4770,248.189288034929,1,253.626133698509
"1...808",19,70,30,270,"elevee",320,160,5670,243.703395665853,1,249.05912034195
"1...809",1,95,300,285,"elevee",320,160,285,326.0528201955,1,326.0528201955
"1...810",2,90,240,285,"elevee",320,160,810,294.218448492949,1,320.006848923868
"1...811",4,85,180,285,"elevee",320,160,1680,275.28084719247,1,300.904894799713
"1...812",6,82.5,120,285,"elevee",320,160,2310,267.01011062575,1,285.767210331904
"1...813",8,80,60,285,"elevee",320,160,2700,262.960784319112,1,273.102301554975
"1...814",10,77.5,60,285,"elevee",320,160,3390,257.053078259362,1,267.136981396567
"1...815",13,75,60,285,"elevee",320,160,4425,250.137593856082,1,260.076805744018
"1...816",16,72.5,30,285,"elevee",320,160,5010,246.913527377721,1,252.037850331729
"1...817",19,70,30,285,"elevee",320,160,5955,242.430938561933,1,247.478474588747
"1...818",1,95,300,300,"elevee",320,160,300,320,1,320
"1...819",2,90,240,300,"elevee",320,160,840,293.274896793659,1,317.765510362577
"1...820",4,85,180,300,"elevee",320,160,1740,274.370485325232,1,298.742724627481
"1...821",6,82.5,120,300,"elevee",320,160,2400,266.018034480786,1,283.831703010109
"1...822",8,80,60,300,"elevee",320,160,2820,261.833867587915,1,271.438831373723
"1...823",10,77.5,60,300,"elevee",320,160,3540,255.929413748021,1,265.480392904298
"1...824",13,75,60,300,"elevee",320,160,4620,249.016121188165,1,258.430093057825
"1...825",16,72.5,30,300,"elevee",320,160,5250,245.701320337377,1,250.545186051647
"1...826",19,70,30,300,"elevee",320,160,6240,241.215856737679,1,245.986658598642
"1...827",1,95,300,315,"elevee",320,160,315,318.73716177444,1,318.73716177444
"1...828",2,90,240,315,"elevee",320,160,870,292.364555298251,1,315.677119602486
"1...829",4,85,180,315,"elevee",320,160,1800,273.490736183885,1,296.723089734541
"1...830",6,82.5,120,315,"elevee",320,160,2490,265.063133350755,1,282.019534257767
"1...831",8,80,60,315,"elevee",320,160,2940,260.752959146969,1,269.872376457445
"1...832",10,77.5,60,315,"elevee",320,160,3690,254.853236958395,1,263.92189945792
"1...833",13,75,60,315,"elevee",320,160,4815,247.943634453942,1,256.882219383986
"1...834",16,72.5,30,315,"elevee",320,160,5490,244.541635021533,1,249.132368010083
"1...835",19,70,30,315,"elevee",320,160,6525,240.05420302018,1,244.575250035429
"1...836",1,95,300,330,"elevee",320,160,330,317.530548328156,1,317.530548328156
"1...837",2,90,240,330,"elevee",320,160,900,291.48483348601,1,313.723293094073
"1...838",4,85,180,330,"elevee",320,160,1860,272.639158162689,1,294.829202870184
"1...839",6,82.5,120,330,"elevee",320,160,2580,264.142586358712,1,280.316693227466
"1...840",8,80,60,330,"elevee",320,160,3060,259.714763076706,1,268.392812589975
"1...841",10,77.5,60,330,"elevee",320,160,3840,253.819278501478,1,262.449388044961
"1...842",13,75,60,330,"elevee",320,160,5010,246.913527377721,1,255.419789361724
"1...843",16,72.5,30,330,"elevee",320,160,5730,243.430805038112,1,247.792005635633
"1...844",19,70,30,330,"elevee",320,160,6810,238.944429023737,1,243.239076640331
"1...845",1,95,300,345,"elevee",320,160,345,316.376285703828,1,316.376285703828
"1...846",2,90,240,345,"elevee",320,160,930,290.633289196298,1,311.888447729737
"1...847",4,85,180,345,"elevee",320,160,1920,271.813450470577,1,293.04676138731
"1...848",6,82.5,120,345,"elevee",320,160,2670,263.253732735757,1,278.711172078429
"1...849",8,80,60,345,"elevee",320,160,3180,258.716166854189,1,266.991351857393
"1...850",10,77.5,60,345,"elevee",320,160,3990,252.824456435463,1,261.054170691118
"1...851",13,75,60,345,"elevee",320,160,5205,245.922136534377,1,254.033610537358
"1...852",16,72.5,30,345,"elevee",320,160,5970,242.365366089829,1,246.517548336241
"1...853",19,70,30,345,"elevee",320,160,7095,237.881130696,1,241.969637692479
"1...854",1,95,300,360,"elevee",320,160,360,315.270712438206,1,315.270712438206
"1...855",2,90,240,360,"elevee",320,160,960,289.807621115155,1,310.159257807314
"1...856",4,85,180,360,"elevee",320,160,1980,271.011895485677,1,291.363972591854
"1...857",6,82.5,120,360,"elevee",320,160,2760,262.394063748705,1,277.192593636953
"1...858",8,80,60,360,"elevee",320,160,3300,257.754232199044,1,265.660300792612
"1...859",10,77.5,60,360,"elevee",320,160,4140,251.865861455352,1,259.728638254656
"1...860",13,75,60,360,"elevee",320,160,5400,244.966578873432,1,252.716187621201
"1...861",16,72.5,30,360,"elevee",320,160,6210,241.342045935995,1,245.30314511632
"1...862",19,70,30,360,"elevee",320,160,7380,236.859055949176,1,240.759092284211
